[
    {
        "Documento": {
            "ModeloDocumento": "NFSE",
            "Versao": 1.00,
            "RPS": [
                {
                    "RPSNumero": 5,
                    "RPSSerie": "251",
                    "RPSTipo": 1,
                    "dEmis": "2021-02-23T14:10:00",
                    "dCompetencia": "2021-02-23T14:10:00",
                    "LocalPrestServ": 0,
                    "natOp": 1,
                    "Operacao": "",
                    "NumProcesso": "",
                    "RegEspTrib": 6,
                    "OptSN": 2,
                    "IncCult": 2,
                    "Status": 1,
                    "cVerificaRPS": "",
                    "EmpreitadaGlobal": 0,
                    "tpAmb": 2,
                    "RPSSubs": {
                        "SubsNumero": 0,
                        "SubsSerie": "",
                        "SubsTipo": 0,
                        "SubsNFSeNumero": 0,
                        "SubsDEmisNFSe": "0000-00-00T00:00:00"
                    },
                    "Prestador": {
                        "CNPJ_prest": "06354976000149",
                        "xNome": "MIGRATE",
                        "xFant": "MOBIZZ",
                        "IM": "132236721",
                        "IE": "1470049241",
                        "CMC": "132236721",
                        "enderPrest": {
                            "TPEnd": "RUA",
                            "xLgr": "R 14 DE JULHO",
                            "nro": "72",
                            "xCpl": "2 ANDAR",
                            "xBairro": "CENTRO",
                            "cMun": 4321808,
                            "UF": "RS",
                            "CEP": 98700000,
                            "fone": "5535354830",
                            "Email": ""
                        }
                    },
                    "ListaItens": [
                        {
                            "ItemSeq": 1,
                            "ItemCod": "1",
                            "ItemDesc": "",
                            "ItemQtde": 1,
                            "ItemvUnit": 100.00,
                            "ItemuMed": "UN",
                            "ItemvlDed": 0,
                            "ItemTributavel": "",
                            "ItemcCnae": "6201500",
                            "ItemTributMunicipio": "",
                            "ItemnAlvara": "",
                            "ItemvIss": 3.00,
                            "ItemvDesconto": 0.00,
                            "ItemAliquota": 0.030000,
                            "ItemVlrTotal": 0,
                            "ItemBaseCalculo": 100.00,
                            "ItemvlrISSRetido": 0,
                            "ItemIssRetido": 2,
                            "ItemRespRetencao": 0,
                            "ItemIteListServico": "01.05",
                            "ItemExigibilidadeISS": 1,
                            "ItemcMunIncidencia": 0,
                            "ItemNumProcesso": "",
                            "ItemDedTipo": "",
                            "ItemDedCPFRef": "",
                            "ItemDedCNPJRef": "",
                            "ItemDedNFRef": 0,
                            "ItemDedvlTotRef": 0,
                            "ItemDedPer": 0,
                            "ItemVlrLiquido": 100.00,
                            "ItemValAliqINSS": 0.0000,
                            "ItemValINSS": 0,
                            "ItemValAliqIR": 0.0000,
                            "ItemValIR": 0,
                            "ItemValAliqCOFINS": 0.0000,
                            "ItemValCOFINS": 0,
                            "ItemValAliqCSLL": 0.0000,
                            "ItemValCSLL": 0,
                            "ItemValAliqPIS": 0.0000,
                            "ItemValPIS": 0,
                            "ItemRedBC": 0,
                            "ItemRedBCRetido": 0,
                            "ItemBCRetido": 0,
                            "ItemValAliqISSRetido": 0,
                            "ItemPaisImpDevido": "",
                            "ItemJustDed": "",
                            "ItemvOutrasRetencoes": 0,
                            "ItemDescIncondicionado": 0.00,
                            "ItemDescCondicionado": 0.00,
                            "ItemTotalAproxTribServ": 0,
                        }
                    ],
                    "ListaParcelas": [],
                    "Servico": {
                        "Valores": {
                            "ValServicos": 100.00,
                            "ValDeducoes": 0,
                            "ValPIS": 0,
                            "ValBCPIS": 0,
                            "ValCOFINS": 0,
                            "ValBCCOFINS": 0,
                            "ValINSS": 0,
                            "ValBCINSS": 0,
                            "ValIR": 0,
                            "ValBCIRRF": 0,
                            "ValCSLL": 0,
                            "ValBCCSLL": 0,
                            "RespRetencao": 0,
                            "Tributavel": "",
                            "ValISS": 3.00,
                            "ISSRetido": 2,
                            "ValISSRetido": 0,
                            "ValTotal": 0,
                            "ValTotalRecebido": 0,
                            "ValBaseCalculo": 100.00,
                            "ValOutrasRetencoes": 0,
                            "ValAliqISS": 0.030000,
                            "ValAliqPIS": 0.0000,
                            "PISRetido": 0,
                            "ValAliqCOFINS": 0.0000,
                            "COFINSRetido": 0,
                            "ValAliqIR": 0.0000,
                            "IRRetido": 0,
                            "ValAliqCSLL": 0.0000,
                            "CSLLRetido": 0,
                            "ValAliqINSS": 0.0000,
                            "INSSRetido": 0,
                            "ValAliqCpp": 0,
                            "CppRetido": 0,
                            "ValCpp": 0,
                            "OutrasRetencoesRetido": 0,
                            "ValBCOutrasRetencoes": 0,
                            "ValAliqOutrasRetencoes": 0,
                            "ValAliqTotTributos": 0,
                            "ValLiquido": 100.00,
                            "ValDescIncond": 0.00,
                            "ValDescCond": 0.00,
                            "ValAcrescimos": 0,
                            "ValAliqISSoMunic": 0.0000,
                            "InfValPIS": "",
                            "InfValCOFINS": "",
                            "ValLiqFatura": 0,
                            "ValBCISSRetido": 0,
                            "NroFatura": 0,
                            "CargaTribValor": 0,
                            "CargaTribPercentual": 0,
                            "CargaTribFonte": "",
                            "JustDed": "",
                            "ValCredito": 0,
                            "OutrosImp": 0,
                            "ValRedBC": 0,
                            "ValRetFederais": 0,
                            "ValAproxTrib": 0,
                            "NroDeducao": "0"
                        },
                        "LocalPrestacao": {
                            "SerEndTpLgr": "",
                            "SerEndLgr": "",
                            "SerEndNumero": "",
                            "SerEndComplemento": "",
                            "SerEndBairro": "",
                            "SerEndxMun": "",
                            "SerEndcMun": 0,
                            "SerEndCep": 0,
                            "SerEndSiglaUF": ""
                        },
                        "IteListServico": "01.05",
                        "Cnae": 6201500,
                        "fPagamento": "",
                        "tpag": 0,
                        "TributMunicipio": "",
                        "TributMunicDesc": "",
                        "Discriminacao": "MAO DE OBRA",
                        "cMun": 4310207,
                        "SerQuantidade": 0,
                        "SerUnidade": "",
                        "SerNumAlvara": "",
                        "PaiPreServico": "",
                        "cMunIncidencia": 0,
                        "dVencimento": "0000-00-00T00:00:00",
                        "ObsInsPagamento": "",
                        "ObrigoMunic": 0,
                        "TributacaoISS": 0,
                        "CodigoAtividadeEconomica": "",
                        "ServicoViasPublicas": 0,
                        "NumeroParcelas": 0,
                        "NroOrcamento": 0,
                        "CodigoNBS": ""
                    },
                    "Tomador": {
                        "TomaCNPJ": "11635726000117",
                        "TomaCPF": "",
                        "TomaIE": "",
                        "TomaIM": "",
                        "TomaRazaoSocial": "AGROX",
                        "TomatpLgr": "AV",
                        "TomaEndereco": "Pde Dehon",
                        "TomaNumero": "153",
                        "TomaComplemento": "",
                        "TomaBairro": "CENTRO",
                        "TomacMun": 4302204,
                        "TomaxMun": "Três de Maio",
                        "TomaUF": "RS",
                        "TomaPais": "BR",
                        "TomaCEP": 98910000,
                        "TomaTelefone": "5537481089",
                        "TomaTipoTelefone": "",
                        "TomaEmail": "",
                        "TomaSite": "",
                        "TomaIME": "",
                        "TomaSituacaoEspecial": "",
                        "DocTomadorEstrangeiro": "",
                        "TomaRegEspTrib": 0,
                        "TomaCadastroMunicipio": 0,
                        "TomaOrgaoPublico": 0
                    },
                    "IntermServico": {
                        "IntermRazaoSocial": "",
                        "IntermCNPJ": "",
                        "IntermCPF": "",
                        "IntermIM": "",
                        "IntermEmail": "",
                        "IntermEndereco": "",
                        "IntermNumero": "",
                        "IntermComplemento": "",
                        "IntermBairro": "",
                        "IntermCep": 0,
                        "IntermCmun": 0,
                        "IntermXmun": "",
                        "IntermFone": "",
                        "IntermIE": ""
                    },
                    "ConstCivil": {
                        "CodObra": "",
                        "Art": "",
                        "ObraLog": "",
                        "ObraCompl": "",
                        "ObraNumero": "",
                        "ObraBairro": "",
                        "ObraCEP": 0,
                        "ObraMun": 0,
                        "ObraUF": "",
                        "ObraPais": "",
                        "ObraCEI": "",
                        "ObraMatricula": "",
                        "ObraValRedBC": 0,
                        "ObraTipo": 0,
                        "ObraNomeFornecedor": "",
                        "ObraNumeroNF": 0,
                        "ObraDataNF": "0000-00-00T00:00:00",
                        "ObraNumEncapsulamento": "",
                        "AbatimentoMateriais": 0,
                        "ListaMaterial": []
                    },
                    "ListaDed": [],
                    "Transportadora": {
                        "TraNome": "",
                        "TraCPFCNPJ": "",
                        "TraIE": "",
                        "TraPlaca": "",
                        "TraEnd": "",
                        "TraMun": 0,
                        "TraUF": "",
                        "TraPais": "",
                        "TraTipoFrete": 0
                    },
                    "NFSOutrasinformacoes": "",
                    "RPSCanhoto": 0,
                    "Arquivo": "",
                    "ExtensaoArquivo": ""
                }
            ]
        }
    }
]