<Envio>
	<ModeloDocumento>MDFe</ModeloDocumento>
	<Versao>3.00</Versao>
	<ChaveParceiro>chave_parceiro</ChaveParceiro>
	<ChaveAcesso>chave_acesso</ChaveAcesso>
	<ide>
		<cUF>43</cUF>
		<tpAmb>2</tpAmb>
		<tpEmit>1</tpEmit>
		<tpTransp>1</tpTransp>
		<serie>261</serie>
		<nMDF>154</nMDF>
		<modal>1</modal>
		<dhEmi>2021-03-05T14:16:00</dhEmi>
		<fusoHorario>-03:00</fusoHorario>
		<tpEmis>1</tpEmis>
		<UFIni>RS</UFIni>
		<UFFim>SC</UFFim>
		<dhIniViagem>2021-02-16T14:49:00</dhIniViagem>
		<MunicipiosCarreg>
			<MunicipiosCarregItem>
				<cMunCarreg>4321808</cMunCarreg>
				<xMunCarreg>TRES DE MAIO</xMunCarreg>
			</MunicipiosCarregItem>
			<MunicipiosCarregItem>
				<cMunCarreg>4310207</cMunCarreg>
				<xMunCarreg>IJUI</xMunCarreg>
			</MunicipiosCarregItem>
		</MunicipiosCarreg>
	</ide>
	<emit>
		<CNPJ_emit>99999999999999</CNPJ_emit>
		<xNome>EMITENTE</xNome>
		<IE>1234567891</IE>
		<enderEmit>
			<xLgr>RUA</xLgr>
			<nro>900</nro>
			<xBairro>xBairro</xBairro>
			<cMun>4321808</cMun>
			<xMun>TRES DE MAIO</xMun>
			<CEP>98910000</CEP>
			<UF>RS</UF>
		</enderEmit>
	</emit>
	<InfModal>
		<versaoModal>3.00</versaoModal>
		<Rodoviario>
			<RNTRC>12345678</RNTRC>
			<codAgPorto>123ABC</codAgPorto>
			<infCIOT>
				<infCIOTItem>
					<CIOT>123456789412</CIOT>
					<CPF_CIOT>03935034024</CPF_CIOT>
				</infCIOTItem>
			</infCIOT>
			<Contratante>
				<ContratanteItem>
					<CPF_Contr>99999999999</CPF_Contr>
				</ContratanteItem>
			</Contratante>
			<VeicTracao>
				<codigo_veiculo>001</codigo_veiculo>
				<placa>KLB0154</placa>
				<tara>13000</tara>
				<capacidadeKG>666</capacidadeKG>
				<capacidadeM3>333</capacidadeM3>
				<tipoRodado>01</tipoRodado>
				<tipoCarroceria>02</tipoCarroceria>
				<UF_veiculo>RS</UF_veiculo>
				<RENAVAM/>
				<Proprietario>
					<CPF_prop>91307777554</CPF_prop>
					<RNTRC_prop>12345679</RNTRC_prop>
					<nome_prop>PROPRIETÁRIO</nome_prop>
					<IE_prop>123456</IE_prop>
					<UF_prop>RS</UF_prop>
					<tipo_prop>0</tipo_prop>
				</Proprietario>
				<Condutores>
					<CondutoresItem>
						<nome_cond>CONDUTOR 1</nome_cond>
						<CPF_cond>23268492304</CPF_cond>
					</CondutoresItem>
					<CondutoresItem>
						<nome_cond>CONDUTOR 2</nome_cond>
						<CPF_cond>77657488239</CPF_cond>
					</CondutoresItem>
					<CondutoresItem>
						<nome_cond>CONDUTOR 3</nome_cond>
						<CPF_cond>38785026646</CPF_cond>
					</CondutoresItem>
				</Condutores>
			</VeicTracao>
			<VeicReboque>
				<VeicReboqueItem>
					<codigo_reb>0027</codigo_reb>
					<placa_reb>IKS5686</placa_reb>
					<tara_reb>254</tara_reb>
					<capacidadeKG_reb>652</capacidadeKG_reb>
					<capacidadeM3_reb>255</capacidadeM3_reb>
					<tipoCarroceria_reb>01</tipoCarroceria_reb>
					<UF_reb>RS</UF_reb>
					<RENAVAM/>
					<Proprietario_reb>
						<CNPJ_prop_reb>99999999999999</CNPJ_prop_reb>
						<RNTRC_reb>12345678</RNTRC_reb>
						<nome_prop_reb>PROPRIETÁRIO</nome_prop_reb>
						<IE_prop_reb>12245645</IE_prop_reb>
						<UF_prop_reb>SC</UF_prop_reb>
						<tipo_prop_reb>1</tipo_prop_reb>
					</Proprietario_reb>
				</VeicReboqueItem>
			</VeicReboque>
			<ValePedagio>
				<ValePedagioItem>
					<CNPJForn>99999999999999</CNPJForn>
					<CNPJPagamento>99999999999999</CNPJPagamento>
					<numeroCompra>5544</numeroCompra>
					<vValePed>66.80</vValePed>
				</ValePedagioItem>
			</ValePedagio>
			<LacresRodo>
				<LacresRodoItem>
					<nLacreRodo>1234567</nLacreRodo>
				</LacresRodoItem>
				<LacresRodoItem>
					<nLacreRodo>343445</nLacreRodo>
				</LacresRodoItem>
			</LacresRodo>
		</Rodoviario>
	</InfModal>
	<Documentos>
		<MunicipiosDescarreg>
			<MunicipiosDescarregItem>
				<cMunDescarreg>4205407</cMunDescarreg>
				<xMunDescarreg>FLORIANOPOLIS</xMunDescarreg>
				<InfDoc>
					<InfDocItem>
						<tipoDocumento>1</tipoDocumento>
						<chaveAcesso>43130406354976000149572890000000211123456786</chaveAcesso>
						<indReentrega>1</indReentrega>
					</InfDocItem>
					<InfDocItem>
						<tipoDocumento>1</tipoDocumento>
						<chaveAcesso>43190806354976000149572600000012021000001001</chaveAcesso>
						<indReentrega>1</indReentrega>
					</InfDocItem>
				</InfDoc>
			</MunicipiosDescarregItem>
		</MunicipiosDescarreg>
	</Documentos>
	<Seguro>
		<SeguroItem>
			<nApol>4321</nApol>
			<Averbacoes>
				<AverbacoesItem>
					<nAver>1</nAver>
				</AverbacoesItem>
				<AverbacoesItem>
					<nAver>2</nAver>
				</AverbacoesItem>
			</Averbacoes>
			<infResp>
				<respSeg>1</respSeg>
				<CPF_respSeg>14743208645</CPF_respSeg>
			</infResp>
			<infSeg>
				<XSeg>SEGURO</XSeg>
				<CNPJ_seg>99999999999999</CNPJ_seg>
			</infSeg>
		</SeguroItem>
	</Seguro>
	<ProdPredominante>
		<tpCarga>05</tpCarga>
		<xProd>PRODUTO</xProd>
		<cEAN>SEM GTIN</cEAN>
		<NCM>98765432</NCM>
		<Lotacao>
			<LocalCarrega>
				<CEP_LocalCarrega>98910000</CEP_LocalCarrega>
			</LocalCarrega>
			<LocalDescarrega>
				<CEP_LocalDescarrega>98915000</CEP_LocalDescarrega>
			</LocalDescarrega>
		</Lotacao>
	</ProdPredominante>
	<Totais>
		<qtdCTe>2</qtdCTe>
		<valorCarga>5666.66</valorCarga>
		<codUnidMedida>01</codUnidMedida>
		<qtdCarga>666</qtdCarga>
	</Totais>
</Envio>