<Envio>
	<ModeloDocumento>MDFe</ModeloDocumento>
	<Versao>3.00</Versao>
	<ChaveParceiro>Chave_parceiro</ChaveParceiro>
	<ChaveAcesso>Chave_acesso</ChaveAcesso>
	<ide>
		<cUF>43</cUF>
		<tpAmb>2</tpAmb>
		<tpEmit>1</tpEmit>
		<tpTransp>1</tpTransp>
		<serie>261</serie>
		<nMDF>156</nMDF>
		<modal>3</modal>
		<dhEmi>2021-03-05T14:41:00</dhEmi>
		<fusoHorario>-03:00</fusoHorario>
		<tpEmis>1</tpEmis>
		<UFIni>RS</UFIni>
		<UFFim>SC</UFFim>
		<dhIniViagem>2021-03-04T14:49:00</dhIniViagem>
		<MunicipiosCarreg>
			<MunicipiosCarregItem>
				<cMunCarreg>4321808</cMunCarreg>
				<xMunCarreg>TRES DE MAIO</xMunCarreg>
			</MunicipiosCarregItem>
		</MunicipiosCarreg>
	</ide>
	<emit>
		<CNPJ_emit>99999999999999</CNPJ_emit>
		<xNome>NOME DA EMPRESA</xNome>
		<IE>123456789</IE>
		<enderEmit>
			<xLgr>LOGRADOURO</xLgr>
			<nro>900</nro>
			<xBairro>BAIRRO</xBairro>
			<cMun>4321808</cMun>
			<xMun>TRES DE MAIO</xMun>
			<CEP>98910000</CEP>
			<UF>RS</UF>
		</enderEmit>
	</emit>
	<InfModal>
		<versaoModal>3.00</versaoModal>
		<Aquaviario>
			<irin>1234567891</irin>
			<tipoEmbarcacao>89</tipoEmbarcacao>
			<codEmbarcacao>ABA1234567</codEmbarcacao>
			<nomeEmbarcacao>EMBARCAÇÃO</nomeEmbarcacao>
			<numViagem>183</numViagem>
			<codPortoEmb>BRSRZ</codPortoEmb>
			<codPortoDes>BRRKG</codPortoDes>
			<portoTrans>PORTO</portoTrans>
			<tipoNav>1</tipoNav>
			<TerminaisCarreg>
				<TerminaisCarregItem>
					<codTermCarreg>11111</codTermCarreg>
					<nomTermCarreg>Terminal 1</nomTermCarreg>
				</TerminaisCarregItem>
				<TerminaisCarregItem>
					<codTermCarreg>22222</codTermCarreg>
					<nomTermCarreg>Terminal 2</nomTermCarreg>
				</TerminaisCarregItem>
			</TerminaisCarreg>
			<TerminaisDescarreg>
				<TerminaisDescarregItem>
					<codTermDescarreg>11111</codTermDescarreg>
					<nomTermDescarreg>Descarrega 1</nomTermDescarreg>
				</TerminaisDescarregItem>
				<TerminaisDescarregItem>
					<codTermDescarreg>22222</codTermDescarreg>
					<nomTermDescarreg>Descarrega 2</nomTermDescarreg>
				</TerminaisDescarregItem>
			</TerminaisDescarreg>
			<EmbarcacoesComboio>
				<EmbarcacoesComboioItem>
					<codEmbComboio>11111</codEmbComboio>
					<xBalsa>Balsa 1</xBalsa>
				</EmbarcacoesComboioItem>
				<EmbarcacoesComboioItem>
					<codEmbComboio>22222</codEmbComboio>
					<xBalsa>Balsa 2</xBalsa>
				</EmbarcacoesComboioItem>
			</EmbarcacoesComboio>
			<UnidCargaVazia>
				<UnidCargaVaziaItem>
					<idUnidCargaVazia>123</idUnidCargaVazia>
					<tpUnidCargaVazia>2</tpUnidCargaVazia>
				</UnidCargaVaziaItem>
				<UnidCargaVaziaItem>
					<idUnidCargaVazia>678</idUnidCargaVazia>
					<tpUnidCargaVazia>2</tpUnidCargaVazia>
				</UnidCargaVaziaItem>
			</UnidCargaVazia>
			<UnidTranspVazia>
				<UnidTranspVaziaItem>
					<idUnidTranspVazia>11111</idUnidTranspVazia>
					<tpUnidTranspVazia>1</tpUnidTranspVazia>
				</UnidTranspVaziaItem>
				<UnidTranspVaziaItem>
					<idUnidTranspVazia>22222</idUnidTranspVazia>
					<tpUnidTranspVazia>1</tpUnidTranspVazia>
				</UnidTranspVaziaItem>
			</UnidTranspVazia>
		</Aquaviario>
	</InfModal>
	<Documentos>
		<MunicipiosDescarreg>
			<MunicipiosDescarregItem>
				<cMunDescarreg>4205407</cMunDescarreg>
				<xMunDescarreg>FLORIANOPOLIS</xMunDescarreg>
				<InfDoc>
					<InfDocItem>
						<tipoDocumento>1</tipoDocumento>
						<chaveAcesso>43130406354976000149572890000000211123456786</chaveAcesso>
						<indReentrega>1</indReentrega>
						<UnidadesTransp>
							<UnidadesTranspItem>
								<tipoUnidTransporte>2</tipoUnidTransporte>
								<idUnidTransporte>123123</idUnidTransporte>
								<UnidadesCarga>
									<UnidadesCargaItem>
										<tipoUnidCarga>1</tipoUnidCarga>
										<idUnidCarga>555</idUnidCarga>
										<qtdRateadaCarga>2.5</qtdRateadaCarga>
									</UnidadesCargaItem>
									<UnidadesCargaItem>
										<tipoUnidCarga>1</tipoUnidCarga>
										<idUnidCarga>888</idUnidCarga>
										<qtdRateadaCarga>9.5</qtdRateadaCarga>
									</UnidadesCargaItem>
								</UnidadesCarga>
							</UnidadesTranspItem>
							<UnidadesTranspItem>
								<tipoUnidTransporte>2</tipoUnidTransporte>
								<idUnidTransporte>5453453</idUnidTransporte>
								<UnidadesCarga>
									<UnidadesCargaItem>
										<tipoUnidCarga>1</tipoUnidCarga>
										<idUnidCarga>333</idUnidCarga>
										<qtdRateadaCarga>2.5</qtdRateadaCarga>
									</UnidadesCargaItem>
									<UnidadesCargaItem>
										<tipoUnidCarga>1</tipoUnidCarga>
										<idUnidCarga>777</idUnidCarga>
										<qtdRateadaCarga>9.5</qtdRateadaCarga>
									</UnidadesCargaItem>
								</UnidadesCarga>
							</UnidadesTranspItem>
						</UnidadesTransp>
					</InfDocItem>
				</InfDoc>
			</MunicipiosDescarregItem>
		</MunicipiosDescarreg>
	</Documentos>
	<Seguro>
		<SeguroItem>
			<nApol>4321</nApol>
			<Averbacoes>
				<AverbacoesItem>
					<nAver>1</nAver>
				</AverbacoesItem>
				<AverbacoesItem>
					<nAver>2</nAver>
				</AverbacoesItem>
			</Averbacoes>
			<infResp>
				<respSeg>1</respSeg>
				<CNPJ_respSeg>99999999999999</CNPJ_respSeg>
			</infResp>
			<infSeg>
				<XSeg>SEGURO</XSeg>
				<CNPJ_seg>99999999999999</CNPJ_seg>
			</infSeg>
		</SeguroItem>
	</Seguro>
	<Totais>
		<qtdCTe>1</qtdCTe>
		<valorCarga>5666.66</valorCarga>
		<codUnidMedida>01</codUnidMedida>
		<qtdCarga>666</qtdCarga>
	</Totais>
	<Lacres>
		<LacresItem>
			<nLacre>ABC1234</nLacre>
		</LacresItem>
	</Lacres>
	<AutXML>
		<AutXMLItem>
			<CNPJ_aut>99999999999999</CNPJ_aut>
		</AutXMLItem>
	</AutXML>
	<InfAdicionais>
		<infAdFisco>Todos os direitos reservados</infAdFisco>
		<infCpl>Todos os direitos reservados</infCpl>
	</InfAdicionais>
</Envio>