<Envio>
	<ModeloDocumento>MDFe</ModeloDocumento>
	<Versao>3.00</Versao>
	<ide>
		<cUF>43</cUF>
		<tpAmb>2</tpAmb>
		<tpEmit>1</tpEmit>
		<tpTransp>1</tpTransp>
		<serie>1</serie>
		<nMDF>4</nMDF>
		<modal>1</modal>
		<dhEmi>2017-01-17T09:32:00</dhEmi>
		<fusoHorario>-02:00</fusoHorario>
		<tpEmis>1</tpEmis>
		<UFIni>RS</UFIni>
		<UFFim>SC</UFFim>
		<dhIniViagem>2020-05-13T14:49:00</dhIniViagem>
		<MunicipiosCarreg>
			<MunicipiosCarregItem>
				<cMunCarreg>4321808</cMunCarreg>
				<xMunCarreg>TRES DE MAIO</xMunCarreg>
			</MunicipiosCarregItem>
		</MunicipiosCarreg>
	</ide>
	<emit>
		<CNPJ_emit>99458836000120</CNPJ_emit>
		<xNome>Empresa Emissora</xNome>
		<IE>4510210101</IE>
		<enderEmit>
			<xLgr>Rua das Pedras</xLgr>
			<nro>900</nro>
			<xBairro>Centro</xBairro>
			<cMun>4321808</cMun>
			<xMun>TRES DE MAIO</xMun>
			<CEP>98910000</CEP>
			<UF>RS</UF>
		</enderEmit>
	</emit>
	<InfModal>
		<versaoModal>3.00</versaoModal>
		<Rodoviario>
			<codAgPorto>UIASDHI332</codAgPorto>
			<infCIOT>
				<infCIOTItem>
					<CIOT>123456789611</CIOT>
					<CPF_CIOT>12045632101</CPF_CIOT>
				</infCIOTItem>
			</infCIOT>
			<Contratante>
				<ContratanteItem>
					<CPF_Contr>10521032564</CPF_Contr>
				</ContratanteItem>
			</Contratante>
			<VeicTracao>
				<codigo_veiculo>001</codigo_veiculo>
				<placa>MBA1478</placa>
				<tara>13000</tara>
				<capacidadeKG>666</capacidadeKG>
				<capacidadeM3>333</capacidadeM3>
				<tipoRodado>01</tipoRodado>
				<tipoCarroceria>02</tipoCarroceria>
				<UF_veiculo>RS</UF_veiculo>
				<RENAVAM/>
				<Proprietario>
					<CPF_prop>12345678912</CPF_prop>
					<RNTRC_prop>12345772</RNTRC_prop>
					<nome_prop>Julio</nome_prop>
					<IE_prop>123456</IE_prop>
					<UF_prop>RS</UF_prop>
					<tipo_prop>2</tipo_prop>
				</Proprietario>
				<Condutores>
					<CondutoresItem>
						<nome_cond>Maria</nome_cond>
						<CPF_cond>12045612345</CPF_cond>
					</CondutoresItem>
					<CondutoresItem>
						<nome_cond>Pedro</nome_cond>
						<CPF_cond>45612378945</CPF_cond>
					</CondutoresItem>
				</Condutores>
			</VeicTracao>
			<VeicReboque>
				<VeicReboqueItem>
					<codigo_reb>0026</codigo_reb>
					<placa_reb>IKI5683</placa_reb>
					<tara_reb>254</tara_reb>
					<capacidadeKG_reb>652</capacidadeKG_reb>
					<capacidadeM3_reb>255</capacidadeM3_reb>
					<tipoCarroceria_reb>01</tipoCarroceria_reb>
					<UF_reb>RS</UF_reb>
					<RENAVAM/>
				</VeicReboqueItem>
				<VeicReboqueItem>
					<codigo_reb>0027</codigo_reb>
					<placa_reb>GQS1686</placa_reb>
					<tara_reb>254</tara_reb>
					<capacidadeKG_reb>652</capacidadeKG_reb>
					<capacidadeM3_reb>255</capacidadeM3_reb>
					<tipoCarroceria_reb>01</tipoCarroceria_reb>
					<UF_reb>RS</UF_reb>
					<RENAVAM/>
					<Proprietario_reb>
						<CNPJ_prop_reb>12345678956</CNPJ_prop_reb>
						<RNTRC_reb>12345678</RNTRC_reb>
						<nome_prop_reb>Laura</nome_prop_reb>
						<IE_prop_reb>12345678</IE_prop_reb>
						<UF_prop_reb>SC</UF_prop_reb>
						<tipo_prop_reb>1</tipo_prop_reb>
					</Proprietario_reb>
				</VeicReboqueItem>
			</VeicReboque>
			<ValePedagio>
				<ValePedagioItem>
					<CNPJForn>12312312123312</CNPJForn>
					<CNPJPagamento>13123213213123</CNPJPagamento>
					<numeroCompra>5544</numeroCompra>
					<vValePed>66.80</vValePed>
				</ValePedagioItem>
			</ValePedagio>
			<LacresRodo>
				<LacresRodoItem>
					<nLacreRodo>1234567891234562871</nLacreRodo>
				</LacresRodoItem>
			</LacresRodo>
		</Rodoviario>
	</InfModal>
	<Documentos>
		<MunicipiosDescarreg>
			<MunicipiosDescarregItem>
				<cMunDescarreg>4205407</cMunDescarreg>
				<xMunDescarreg>FLORIANOPOLIS</xMunDescarreg>
				<InfDoc>
					<InfDocItem>
						<tipoDocumento>1</tipoDocumento>
						<chaveAcesso>43130406354974005146572890003000211123452786</chaveAcesso>
						<indReentrega>1</indReentrega>
					</InfDocItem>
				</InfDoc>
			</MunicipiosDescarregItem>
		</MunicipiosDescarreg>
	</Documentos>
	<Seguro>
		<SeguroItem>
			<nApol>12345</nApol>
			<Averbacoes>
				<AverbacoesItem>
					<nAver>1</nAver>
				</AverbacoesItem>
				<AverbacoesItem>
					<nAver>2</nAver>
				</AverbacoesItem>
				<AverbacoesItem>
					<nAver>3</nAver>
				</AverbacoesItem>
				<AverbacoesItem>
					<nAver>4</nAver>
				</AverbacoesItem>
				<AverbacoesItem>
					<nAver>5</nAver>
				</AverbacoesItem>
			</Averbacoes>
			<infResp>
				<respSeg>1</respSeg>
				<CNPJ_respSeg>45612302120</CNPJ_respSeg>
			</infResp>
			<infSeg>
				<XSeg>Seguro de Moto teste de tamanh</XSeg>
				<CNPJ_seg>78945612345</CNPJ_seg>
			</infSeg>
		</SeguroItem>
	</Seguro>
	<Totais>
		<qtdCTe>1</qtdCTe>
		<valorCarga>5666.66</valorCarga>
		<codUnidMedida>01</codUnidMedida>
		<qtdCarga>666</qtdCarga>
	</Totais>
	<Lacres>
		<LacresItem>
			<nLacre>ABC1234</nLacre>
		</LacresItem>
	</Lacres>
	<AutXML>
		<AutXMLItem>
			<CNPJ_aut>01967211000160</CNPJ_aut>
		</AutXMLItem>
	</AutXML>
	<InfAdicionais>
		<infAdFisco>Todos os direitos reservados</infAdFisco>
		<infCpl>Todos os direitos reservados</infCpl>
	</InfAdicionais>
</Envio>