<Envio>
	<ModeloDocumento>MDFe</ModeloDocumento>
	<Versao>3.00</Versao>
	<ChaveParceiro>Chave_parceiro</ChaveParceiro>
	<ChaveAcesso>Chave_acesso</ChaveAcesso>
	<ide>
		<cUF>43</cUF>
		<tpAmb>2</tpAmb>
		<tpEmit>1</tpEmit>
		<tpTransp>1</tpTransp>
		<serie>261</serie>
		<nMDF>157</nMDF>
		<modal>4</modal>
		<dhEmi>2021-03-05T14:56:00</dhEmi>
		<fusoHorario>-03:00</fusoHorario>
		<tpEmis>1</tpEmis>
		<UFIni>RS</UFIni>
		<UFFim>SC</UFFim>
		<dhIniViagem>2021-03-04T14:49:00</dhIniViagem>
		<MunicipiosCarreg>
			<MunicipiosCarregItem>
				<cMunCarreg>4321808</cMunCarreg>
				<xMunCarreg>TRES DE MAIO</xMunCarreg>
			</MunicipiosCarregItem>
		</MunicipiosCarreg>
	</ide>
	<emit>
		<CNPJ_emit>99999999999999</CNPJ_emit>
		<xNome>NOME DA EMPRESA</xNome>
		<IE>123456789</IE>
		<enderEmit>
			<xLgr>LOGRADOURO</xLgr>
			<nro>900</nro>
			<xBairro>BAIRRO</xBairro>
			<cMun>4321808</cMun>
			<xMun>TRES DE MAIO</xMun>
			<CEP>98910000</CEP>
			<UF>RS</UF>
		</enderEmit>
	</emit>
	<InfModal>
		<versaoModal>3.00</versaoModal>
		<Ferroviario>
			<Trem>
				<prefixo>trem001</prefixo>
				<dhLiberacao>2019-08-29T14:40:00</dhLiberacao>
				<origem>ori</origem>
				<destino>def</destino>
				<qtdeVagoes>2</qtdeVagoes>
			</Trem>
			<Vagoes>
				<VagoesItem>
					<pesoBC_vag>25.1</pesoBC_vag>
					<pesoR>15.3</pesoR>
					<tpVag>ABC</tpVag>
					<serie_vag>525</serie_vag>
					<numero_vag>1</numero_vag>
					<numeroSequencia>2</numeroSequencia>
					<TU>12.2</TU>
				</VagoesItem>
			</Vagoes>
		</Ferroviario>
	</InfModal>
	<Documentos>
		<MunicipiosDescarreg>
			<MunicipiosDescarregItem>
				<cMunDescarreg>4205407</cMunDescarreg>
				<xMunDescarreg>FLORIANOPOLIS</xMunDescarreg>
				<InfDoc>
					<InfDocItem>
						<tipoDocumento>1</tipoDocumento>
						<chaveAcesso>43130406354976000149572890000000211123456786</chaveAcesso>
						<indReentrega>1</indReentrega>
					</InfDocItem>
				</InfDoc>
			</MunicipiosDescarregItem>
		</MunicipiosDescarreg>
	</Documentos>
	<Seguro>
		<SeguroItem>
			<nApol>4321</nApol>
			<Averbacoes>
				<AverbacoesItem>
					<nAver>1</nAver>
				</AverbacoesItem>
			</Averbacoes>
			<infResp>
				<respSeg>1</respSeg>
				<CNPJ_respSeg>99999999999999</CNPJ_respSeg>
			</infResp>
			<infSeg>
				<XSeg>Seguro</XSeg>
				<CNPJ_seg>99999999999999</CNPJ_seg>
			</infSeg>
		</SeguroItem>
	</Seguro>
	<Totais>
		<qtdCTe>1</qtdCTe>
		<valorCarga>5666.66</valorCarga>
		<codUnidMedida>01</codUnidMedida>
		<qtdCarga>666</qtdCarga>
	</Totais>
	<Lacres>
		<LacresItem>
			<nLacre>ABC1234</nLacre>
		</LacresItem>
	</Lacres>
	<AutXML>
		<AutXMLItem>
			<CNPJ_aut>99999999999999</CNPJ_aut>
		</AutXMLItem>
	</AutXML>
	<InfAdicionais>
		<infAdFisco>Todos os direitos reservados</infAdFisco>
		<infCpl>Todos os direitos reservados</infCpl>
	</InfAdicionais>
</Envio>