<Envio>
	<ModeloDocumento>MDFe</ModeloDocumento>
	<Versao>3.00</Versao>
	<ChaveParceiro>Chave_parceiro</ChaveParceiro>
	<ChaveAcesso>Chave_acesso</ChaveAcesso>
	<ide>
		<cUF>43</cUF>
		<tpAmb>2</tpAmb>
		<tpEmit>1</tpEmit>
		<tpTransp>1</tpTransp>
		<serie>261</serie>
		<nMDF>155</nMDF>
		<modal>2</modal>
		<dhEmi>2021-03-05T14:36:00</dhEmi>
		<fusoHorario>-03:00</fusoHorario>
		<tpEmis>1</tpEmis>
		<UFIni>RS</UFIni>
		<UFFim>SC</UFFim>
		<dhIniViagem>2021-03-04T14:00:00</dhIniViagem>
		<MunicipiosCarreg>
			<MunicipiosCarregItem>
				<cMunCarreg>4321808</cMunCarreg>
				<xMunCarreg>TRES DE MAIO</xMunCarreg>
			</MunicipiosCarregItem>
		</MunicipiosCarreg>
	</ide>
	<emit>
		<CNPJ_emit>99999999999999</CNPJ_emit>
		<xNome>NOME DA EMPRESA</xNome>
		<IE>1234567891</IE>
		<enderEmit>
			<xLgr>LOGRADOURO</xLgr>
			<nro>900</nro>
			<xBairro>BAIRRO</xBairro>
			<cMun>4321808</cMun>
			<xMun>TRES DE MAIO</xMun>
			<CEP>98910000</CEP>
			<UF>RS</UF>
		</enderEmit>
	</emit>
	<InfModal>
		<versaoModal>3.00</versaoModal>
		<Aereo>
			<nacionalidade>BRAS</nacionalidade>
			<matricula>123456</matricula>
			<numeroVoo>AB1234</numeroVoo>
			<aerEmbarque>OACI</aerEmbarque>
			<aerDestino>OACI</aerDestino>
			<dataVoo>2017-01-17</dataVoo>
		</Aereo>
	</InfModal>
	<Documentos>
		<MunicipiosDescarreg>
			<MunicipiosDescarregItem>
				<cMunDescarreg>4205407</cMunDescarreg>
				<xMunDescarreg>FLORIANOPOLIS</xMunDescarreg>
				<InfDoc>
					<InfDocItem>
						<tipoDocumento>1</tipoDocumento>
						<chaveAcesso>43130406354976000149572890000000211123456786</chaveAcesso>
						<indReentrega>1</indReentrega>
					</InfDocItem>
				</InfDoc>
			</MunicipiosDescarregItem>
		</MunicipiosDescarreg>
	</Documentos>
	<Seguro>
		<SeguroItem>
			<nApol>4321</nApol>
			<Averbacoes>
				<AverbacoesItem>
					<nAver>1</nAver>
				</AverbacoesItem>
				<AverbacoesItem>
					<nAver>2</nAver>
				</AverbacoesItem>
				<AverbacoesItem>
					<nAver>3</nAver>
				</AverbacoesItem>
				<AverbacoesItem>
					<nAver>4</nAver>
				</AverbacoesItem>
				<AverbacoesItem>
					<nAver>5</nAver>
				</AverbacoesItem>
			</Averbacoes>
			<infResp>
				<respSeg>1</respSeg>
				<CNPJ_respSeg>99999999999999</CNPJ_respSeg>
			</infResp>
			<infSeg>
				<XSeg>SEGURO</XSeg>
				<CNPJ_seg>99999999999999</CNPJ_seg>
			</infSeg>
		</SeguroItem>
	</Seguro>
	<Totais>
		<qtdCTe>1</qtdCTe>
		<valorCarga>5666.66</valorCarga>
		<codUnidMedida>01</codUnidMedida>
		<qtdCarga>666</qtdCarga>
	</Totais>
	<Lacres>
		<LacresItem>
			<nLacre>ABC1234</nLacre>
		</LacresItem>
	</Lacres>
	<AutXML>
		<AutXMLItem>
			<CNPJ_aut>99999999999999</CNPJ_aut>
		</AutXMLItem>
	</AutXML>
	<InfAdicionais>
		<infAdFisco>Todos os direitos reservados</infAdFisco>
		<infCpl>Todos os direitos reservados</infCpl>
	</InfAdicionais>
</Envio>