<Envio>
	<ModeloDocumento>MDFe</ModeloDocumento>
	<Versao>3.00</Versao>
	<ChaveParceiro>Chave_parceiro</ChaveParceiro>
	<ChaveAcesso>Chave_acesso</ChaveAcesso>
	<ide>
		<cMDF>1239</cMDF>
		<cUF>43</cUF>
		<tpAmb>2</tpAmb>
		<tpEmit>1</tpEmit>
		<tpTransp>1</tpTransp>
		<serie>261</serie>
		<nMDF>158</nMDF>
		<modal>1</modal>
		<dhEmi>2021-03-05T15:01:00</dhEmi>
		<fusoHorario>-03:00</fusoHorario>
		<tpEmis>1</tpEmis>
		<UFIni>RS</UFIni>
		<UFFim>SC</UFFim>
		<dhIniViagem>2021-03-04T14:49:00</dhIniViagem>
		<MunicipiosCarreg>
			<MunicipiosCarregItem>
				<cMunCarreg>4321808</cMunCarreg>
				<xMunCarreg>TRES DE MAIO</xMunCarreg>
			</MunicipiosCarregItem>
		</MunicipiosCarreg>
	</ide>
	<emit>
		<CNPJ_emit>99999999999999</CNPJ_emit>
		<xNome>NOME DA EMPRESA</xNome>
		<IE>123456789</IE>
		<enderEmit>
			<xLgr>LOGRADOURO</xLgr>
			<nro>900</nro>
			<xBairro>BAIRRO</xBairro>
			<cMun>4321808</cMun>
			<xMun>TRES DE MAIO</xMun>
			<CEP>98910000</CEP>
			<UF>RS</UF>
		</enderEmit>
	</emit>
	<InfModal>
		<versaoModal>3.00</versaoModal>
		<Rodoviario>
			<codAgPorto>UIASDHI332</codAgPorto>
			<infCIOT>
				<infCIOTItem>
					<CIOT>123456789412</CIOT>
					<CPF_CIOT>99999999999</CPF_CIOT>
				</infCIOTItem>
			</infCIOT>
			<Contratante>
				<ContratanteItem>
					<CPF_Contr>99999999999</CPF_Contr>
				</ContratanteItem>
			</Contratante>
			<VeicTracao>
				<codigo_veiculo>001</codigo_veiculo>
				<placa>KLB0158</placa>
				<tara>13000</tara>
				<capacidadeKG>666</capacidadeKG>
				<capacidadeM3>333</capacidadeM3>
				<tipoRodado>01</tipoRodado>
				<tipoCarroceria>02</tipoCarroceria>
				<UF_veiculo>RS</UF_veiculo>
				<RENAVAM/>
				<Proprietario>
					<CPF_prop>99999999999</CPF_prop>
					<RNTRC_prop>12345679</RNTRC_prop>
					<nome_prop>PROPRIETARIO</nome_prop>
					<IE_prop>123456</IE_prop>
					<UF_prop>RS</UF_prop>
					<tipo_prop>2</tipo_prop>
				</Proprietario>
				<Condutores>
					<CondutoresItem>
						<nome_cond>CONDUTOR 1</nome_cond>
						<CPF_cond>99999999999</CPF_cond>
					</CondutoresItem>
					<CondutoresItem>
						<nome_cond>CONDUTOR 2</nome_cond>
						<CPF_cond>99999999999</CPF_cond>
					</CondutoresItem>
				</Condutores>
			</VeicTracao>
			<VeicReboque>
				<VeicReboqueItem>
					<codigo_reb>0026</codigo_reb>
					<placa_reb>IKS5685</placa_reb>
					<tara_reb>254</tara_reb>
					<capacidadeKG_reb>652</capacidadeKG_reb>
					<capacidadeM3_reb>255</capacidadeM3_reb>
					<tipoCarroceria_reb>01</tipoCarroceria_reb>
					<UF_reb>RS</UF_reb>
					<RENAVAM/>
				</VeicReboqueItem>
				<VeicReboqueItem>
					<codigo_reb>0027</codigo_reb>
					<placa_reb>IKS5686</placa_reb>
					<tara_reb>254</tara_reb>
					<capacidadeKG_reb>652</capacidadeKG_reb>
					<capacidadeM3_reb>255</capacidadeM3_reb>
					<tipoCarroceria_reb>01</tipoCarroceria_reb>
					<UF_reb>RS</UF_reb>
					<RENAVAM/>
					<Proprietario_reb>
						<CNPJ_prop_reb>99999999999999</CNPJ_prop_reb>
						<RNTRC_reb>12345678</RNTRC_reb>
						<nome_prop_reb>PROPRIETARIO</nome_prop_reb>
						<IE_prop_reb>12345678</IE_prop_reb>
						<UF_prop_reb>SC</UF_prop_reb>
						<tipo_prop_reb>1</tipo_prop_reb>
					</Proprietario_reb>
				</VeicReboqueItem>
			</VeicReboque>
			<ValePedagio>
				<ValePedagioItem>
					<CNPJForn>99999999999999</CNPJForn>
					<CNPJPagamento>99999999999999</CNPJPagamento>
					<numeroCompra>5544</numeroCompra>
					<vValePed>66.80</vValePed>
				</ValePedagioItem>
			</ValePedagio>
			<LacresRodo>
				<LacresRodoItem>
					<nLacreRodo>1234567891234567891</nLacreRodo>
				</LacresRodoItem>
			</LacresRodo>
		</Rodoviario>
	</InfModal>
	<Documentos>
		<MunicipiosDescarreg>
			<MunicipiosDescarregItem>
				<cMunDescarreg>4205407</cMunDescarreg>
				<xMunDescarreg>FLORIANOPOLIS</xMunDescarreg>
				<InfDoc>
					<InfDocItem>
						<tipoDocumento>1</tipoDocumento>
						<chaveAcesso>43130406354976000149572890000000211123456786</chaveAcesso>
						<indReentrega>1</indReentrega>
					</InfDocItem>
				</InfDoc>
			</MunicipiosDescarregItem>
		</MunicipiosDescarreg>
	</Documentos>
	<Seguro>
		<SeguroItem>
			<nApol>12345</nApol>
			<Averbacoes>
				<AverbacoesItem>
					<nAver>1</nAver>
				</AverbacoesItem>
				<AverbacoesItem>
					<nAver>2</nAver>
				</AverbacoesItem>
			</Averbacoes>
			<infResp>
				<respSeg>1</respSeg>
				<CPF_respSeg>99999999999</CPF_respSeg>
			</infResp>
			<infSeg>
				<XSeg>Seguro</XSeg>
				<CNPJ_seg>99999999999999</CNPJ_seg>
			</infSeg>
		</SeguroItem>
	</Seguro>
	<ProdPredominante>
		<tpCarga>05</tpCarga>
		<xProd>Produto</xProd>
		<cEAN>SEM GTIN</cEAN>
		<NCM>98765432</NCM>
		<Lotacao>
			<LocalCarrega>
				<CEP_LocalCarrega>98910000</CEP_LocalCarrega>
			</LocalCarrega>
			<LocalDescarrega>
				<CEP_LocalDescarrega>98915000</CEP_LocalDescarrega>
			</LocalDescarrega>
		</Lotacao>
	</ProdPredominante>
	<Totais>
		<qtdCTe>1</qtdCTe>
		<valorCarga>5666.66</valorCarga>
		<codUnidMedida>01</codUnidMedida>
		<qtdCarga>666</qtdCarga>
	</Totais>
	<Lacres>
		<LacresItem>
			<nLacre>ABC1234</nLacre>
		</LacresItem>
	</Lacres>
	<AutXML>
		<AutXMLItem>
			<CPF_aut>99999999999</CPF_aut>
		</AutXMLItem>
	</AutXML>
	<InfAdicionais>
		<infAdFisco>Todos os direitos reservados</infAdFisco>
		<infCpl>Todos os direitos reservados</infCpl>
	</InfAdicionais>
</Envio>