<Envio>
	<ModeloDocumento>NFe</ModeloDocumento>
	<Versao>4.00</Versao>
	<ide>
		<cUF>43</cUF>
		<natOp>Nota Fiscal</natOp>
		<mod>55</mod>
		<serie>309</serie>
		<nNF>625</nNF>
		<dhEmi>2018-08-18T13:51:00</dhEmi>
		<fusoHorario>-03:00</fusoHorario>
		<tpNf>1</tpNf>
		<idDest>1</idDest>
		<indFinal>0</indFinal>
		<indPres>0</indPres>
		<cMunFg>4309605</cMunFg>
		<tpImp>1</tpImp>
		<tpEmis>1</tpEmis>
		<tpAmb>2</tpAmb>
		<finNFe>1</finNFe>
	</ide>
	<emit>
		<CNPJ_emit>99999999999999</CNPJ_emit>
		<xNome>Migrate</xNome>
		<xFant>Empresa de teste</xFant>
		<IE>9999999999</IE>
		<CRT>1</CRT>
		<enderEmit>
			<xLgr>Logradouro</xLgr>
			<nro>1700</nro>
			<xCpl>Segundo andar</xCpl>
			<xBairro>Bairro</xBairro>
			<cMun>4321808</cMun>
			<xMun>ENCANTADO</xMun>
			<UF>RS</UF>
			<CEP>95960000</CEP>
			<cPais>1058</cPais>
			<xPais>BRASIL</xPais>
			<fone>5137513322</fone>
		</enderEmit>
	</emit>
	<dest>
		<CNPJ_dest>99999999999999</CNPJ_dest>
		<xNome_dest>NF-E EMITIDA EM AMBIENTE DE HOMOLOGACAO - SEM VALOR FISCAL</xNome_dest>
		<indIEDest>2</indIEDest>
		<enderDest>
			<nro_dest>67</nro_dest>
			<xCpl_dest>2 andar</xCpl_dest>
			<xBairro_dest>Centro</xBairro_dest>
			<xEmail_dest>email@gmail.com</xEmail_dest>
			<xLgr_dest>Rodovia</xLgr_dest>
			<xPais_dest>Brasil</xPais_dest>
			<cMun_dest>4309605</cMun_dest>
			<xMun_dest>CONTAGEM</xMun_dest>
			<UF_dest>RS</UF_dest>
			<CEP_dest>32145900</CEP_dest>
			<cPais_dest>1058</cPais_dest>
			<fone_dest>5535481105</fone_dest>
		</enderDest>
	</dest>
	<det>
		<detItem>
			<prod>
				<cProd>00009</cProd>
				<cEAN>SEM GTIN</cEAN>
				<xProd>Botijao de gas</xProd>
				<NCM>87113000</NCM>
				<EXTIPI>87</EXTIPI>
				<CFOP>5102</CFOP>
				<uCOM>BOT</uCOM>
				<qCOM>1.0000</qCOM>
				<vUnCom>100.00</vUnCom>
				<vProd>100.00</vProd>
				<cEANTrib>SEM GTIN</cEANTrib>
				<uTrib>BOT</uTrib>
				<qTrib>1.00</qTrib>
				<vUnTrib>100.00</vUnTrib>
				<indTot>1</indTot>
				<nTipoItem>0</nTipoItem>
				<CEST>1234567</CEST>
			</prod>
			<imposto>
				<ICMS>
					<orig>0</orig>
					<CST>203</CST>
					<modBCST>5</modBCST>
					<pMVAST>17.00</pMVAST>
					<pRedBCST>17.00</pRedBCST>
					<vBCST>100.00</vBCST>
					<pICMSST>17.00</pICMSST>
					<vICMSST_icms>17.00</vICMSST_icms>
				</ICMS>
				<PIS>
					<CST_pis>07</CST_pis>
				</PIS>
				<COFINS>
					<CST_cofins>07</CST_cofins>
				</COFINS>
			</imposto>
		</detItem>
	</det>
	<total>
		<ICMStot>
			<vBC_ttlnfe>0.00</vBC_ttlnfe>
			<vICMS_ttlnfe>0.00</vICMS_ttlnfe>
			<vICMSDeson_ttlnfe>0.00</vICMSDeson_ttlnfe>
			<vBCST_ttlnfe>100.00</vBCST_ttlnfe>
			<vST_ttlnfe>17.00</vST_ttlnfe>
			<vProd_ttlnfe>100.00</vProd_ttlnfe>
			<vFrete_ttlnfe>0</vFrete_ttlnfe>
			<vSeg_ttlnfe>0</vSeg_ttlnfe>
			<vDesc_ttlnfe>0</vDesc_ttlnfe>
			<vII_ttlnfe>0.00</vII_ttlnfe>
			<vIPI_ttlnfe>0</vIPI_ttlnfe>
			<vPIS_ttlnfe>0</vPIS_ttlnfe>
			<vCOFINS_ttlnfe>0</vCOFINS_ttlnfe>
			<vOutro>0</vOutro>
			<vNF>117.00</vNF>
		</ICMStot>
	</total>
	<transp>
		<modFrete>1</modFrete>
	</transp>
	<pag>
		<pagItem>
			<tPag>01</tPag>
			<vPag>117.00</vPag>
		</pagItem>
	</pag>
</Envio>