<Envio>
	<ModeloDocumento>NFe</ModeloDocumento>
	<Versao>4.00</Versao>
	<ide>
		<cUF>43</cUF>
		<natOp>Nota fiscal importação</natOp>
		<mod>55</mod>
		<serie>309</serie>
		<nNF>654</nNF>
		<dhEmi>2018-08-18T16:34:00</dhEmi>
		<fusoHorario>-03:00</fusoHorario>
		<tpNf>0</tpNf>
		<idDest>3</idDest>
		<indFinal>0</indFinal>
		<indPres>9</indPres>
		<cMunFg>4321808</cMunFg>
		<tpImp>1</tpImp>
		<tpEmis>1</tpEmis>
		<tpAmb>2</tpAmb>
		<finNFe>1</finNFe>
	</ide>
	<emit>
		<CNPJ_emit>99999999999999</CNPJ_emit>
		<xNome>Migrate company</xNome>
		<xFant>Migrate</xFant>
		<IE>9999999999</IE>
		<CRT>3</CRT>
		<enderEmit>
			<xLgr>Logradouro do emitente</xLgr>
			<nro>1700</nro>
			<xCpl>Segundo andar</xCpl>
			<xBairro>Bairro Brasil</xBairro>
			<cMun>4321808</cMun>
			<xMun>ENCANTADO</xMun>
			<UF>RS</UF>
			<CEP>95960000</CEP>
			<cPais>1058</cPais>
			<xPais>BRASIL</xPais>
			<fone>5137513322</fone>
		</enderEmit>
	</emit>
	<dest>
		<idEstrangeiro>123456</idEstrangeiro>
		<xNome_dest>NF-E EMITIDA EM AMBIENTE DE HOMOLOGACAO - SEM VALOR FISCAL</xNome_dest>
		<indIEDest>9</indIEDest>
		<enderDest>
			<nro_dest>67</nro_dest>
			<xCpl_dest>CENTRO</xCpl_dest>
			<xBairro_dest>Bairro</xBairro_dest>
			<xLgr_dest>Logradouro</xLgr_dest>
			<xPais_dest>Brasil</xPais_dest>
			<cMun_dest>9999999</cMun_dest>
			<xMun_dest>EXTERIOR</xMun_dest>
			<UF_dest>EX</UF_dest>
			<CEP_dest>32145900</CEP_dest>
			<cPais_dest>1058</cPais_dest>
			<fone_dest>5535481105</fone_dest>
		</enderDest>
	</dest>
	<det>
		<detItem>
			<prod>
				<cProd>123456</cProd>
				<cEAN>SEM GTIN</cEAN>
				<xProd>MOTOCICLETA MARCA HONDA</xProd>
				<NCM>87112020</NCM>
				<EXTIPI>87</EXTIPI>
				<CFOP>3102</CFOP>
				<uCOM>BOT</uCOM>
				<qCOM>1.0000</qCOM>
				<vUnCom>100.00</vUnCom>
				<vProd>100.00</vProd>
				<cEANTrib>SEM GTIN</cEANTrib>
				<uTrib>BOT</uTrib>
				<qTrib>1.00</qTrib>
				<vUnTrib>100.00</vUnTrib>
				<vFrete>0.00</vFrete>
				<vSeg>0.00</vSeg>
				<vDesc>0.00</vDesc>
				<vOutro_item>9.85</vOutro_item>
				<indTot>1</indTot>
				<nTipoItem>0</nTipoItem>
				<dProd>1</dProd>
				<detDI>
					<detDIItem>
						<nDI>020333211144</nDI>
						<dDi>2018-08-15</dDi>
						<xLocDesemb>PORTO SANTOS</xLocDesemb>
						<UFDesemb>SP</UFDesemb>
						<cExportador>00000000000015</cExportador>
						<dDesemb>2018-08-15</dDesemb>
						<tpViaTransp>7</tpViaTransp>
						<tpIntermedio>1</tpIntermedio>
						<detAdicoes>
							<detAdicoesItem>
								<nAdicao>123</nAdicao>
								<nSeqAdic>101</nSeqAdic>
								<cFabricante>0462</cFabricante>
							</detAdicoesItem>
						</detAdicoes>
					</detDIItem>
				</detDI>
			</prod>
			<imposto>
				<ICMS>
					<orig>1</orig>
					<CST>00</CST>
					<modBC>3</modBC>
					<vBC>79.09</vBC>
					<pICMS>18.00</pICMS>
					<vICMS_icms>14.24</vICMS_icms>
				</ICMS>
				<IPI>
					<CNPJProd>99999999999999</CNPJProd>
					<cSelo>N</cSelo>
					<qSelo>2</qSelo>
					<cEnq>999</cEnq>
					<CSTIPI>
						<CST_IPI>00</CST_IPI>
						<vBC_IPI>50.00</vBC_IPI>
						<pIPI>10.00</pIPI>
						<vIPI>5.00</vIPI>
					</CSTIPI>
				</IPI>
				<II>
					<vBC_imp>79.09</vBC_imp>
					<vDespAdu>0.00</vDespAdu>
					<vII>10.00</vII>
					<vIOF>0.00</vIOF>
				</II>
				<PIS>
					<CST_pis>02</CST_pis>
					<vBC_pis>68.75</vBC_pis>
					<pPIS>2.30</pPIS>
					<vPIS>1.58</vPIS>
				</PIS>
				<COFINS>
					<CST_cofins>02</CST_cofins>
					<vBC_cofins>68.75</vBC_cofins>
					<pCOFINS>10.80</pCOFINS>
					<vCOFINS>7.43</vCOFINS>
				</COFINS>
			</imposto>
		</detItem>
	</det>
	<total>
		<ICMStot>
			<vBC_ttlnfe>79.09</vBC_ttlnfe>
			<vICMS_ttlnfe>14.24</vICMS_ttlnfe>
			<vICMSDeson_ttlnfe>0.00</vICMSDeson_ttlnfe>
			<vBCST_ttlnfe>0.00</vBCST_ttlnfe>
			<vST_ttlnfe>0.00</vST_ttlnfe>
			<vProd_ttlnfe>100.00</vProd_ttlnfe>
			<vFrete_ttlnfe>0</vFrete_ttlnfe>
			<vSeg_ttlnfe>0</vSeg_ttlnfe>
			<vDesc_ttlnfe>0</vDesc_ttlnfe>
			<vII_ttlnfe>10.00</vII_ttlnfe>
			<vIPI_ttlnfe>5.00</vIPI_ttlnfe>
			<vPIS_ttlnfe>1.58</vPIS_ttlnfe>
			<vCOFINS_ttlnfe>7.43</vCOFINS_ttlnfe>
			<vOutro>9.85</vOutro>
			<vNF>100.00</vNF>
		</ICMStot>
	</total>
	<transp>
		<modFrete>1</modFrete>
		<transporta>
			<CNPJ_transp>99999999999999</CNPJ_transp>
			<xNome_transp>BRASEX TRANSPORTES E LOGISTICA LTDA</xNome_transp>
			<xEnder>AV.PREF JOAO VILLALOBO QUERO,1794</xEnder>
			<xMun_transp>JD BELVAL BARUE</xMun_transp>
			<UF_transp>RS</UF_transp>
		</transporta>
	</transp>
	<pag>
		<pagItem>
			<tPag>01</tPag>
			<vPag>100.00</vPag>
		</pagItem>
	</pag>
</Envio>