<Envio>
	<ModeloDocumento>NFe</ModeloDocumento>
	<Versao>4.00</Versao>
	<ide>
		<cUF>43</cUF>
		<natOp>NFE CST 00</natOp>
		<mod>55</mod>
		<serie>309</serie>
		<nNF>613</nNF>
		<dhEmi>2018-08-18T11:01:00</dhEmi>
		<fusoHorario>-03:00</fusoHorario>
		<tpNf>1</tpNf>
		<idDest>2</idDest>
		<indFinal>0</indFinal>
		<indPres>0</indPres>
		<cMunFg>4321808</cMunFg>
		<tpImp>1</tpImp>
		<tpEmis>1</tpEmis>
		<tpAmb>2</tpAmb>
		<finNFe>1</finNFe>
	</ide>
	<emit>
		<CNPJ_emit>99999999999999</CNPJ_emit>
		<xNome>MIGRATE COMPANY SISTEMAS DE INFORMACAO</xNome>
		<xFant>EMPRESA DE TESTE</xFant>
		<IE>9999999999</IE>
		<CRT>3</CRT>
		<enderEmit>
			<xLgr>RUA AGOSTINHO COSTI</xLgr>
			<nro>1700</nro>
			<xCpl>ANDAR 02</xCpl>
			<xBairro>BARRA DO JACARE</xBairro>
			<cMun>4321808</cMun>
			<xMun>ENCANTADO</xMun>
			<UF>RS</UF>
			<CEP>95960000</CEP>
			<cPais>1058</cPais>
			<xPais>BRASIL</xPais>
			<fone>5137513322</fone>
			<Email>email@email.com.br</Email>
		</enderEmit>
	</emit>
	<dest>
		<CNPJ_dest>99999999999999</CNPJ_dest>
		<xNome_dest>NF-E EMITIDA EM AMBIENTE DE HOMOLOGACAO - SEM VALOR FISCAL</xNome_dest>
		<IE_dest>999999999999</IE_dest>
		<indIEDest>1</indIEDest>
		<enderDest>
			<nro_dest>67</nro_dest>
			<xCpl_dest>CENTRO</xCpl_dest>
			<xBairro_dest>KENNEDY</xBairro_dest>
			<xEmail_dest>email@email.com</xEmail_dest>
			<xLgr_dest>ROD BR 040 KM 688 AREA ESPECIAL 11</xLgr_dest>
			<xPais_dest>Brasil</xPais_dest>
			<cMun_dest>3525904</cMun_dest>
			<xMun_dest>CONTAGEM</xMun_dest>
			<UF_dest>SP</UF_dest>
			<CEP_dest>32145900</CEP_dest>
			<cPais_dest>1058</cPais_dest>
			<fone_dest>5535481105</fone_dest>
		</enderDest>
	</dest>
	<det>
		<detItem>
			<prod>
				<cProd>666</cProd>
				<cEAN>7898489995077</cEAN>
				<xProd>AK-47</xProd>
				<NCM>87113000</NCM>
				<CFOP>6102</CFOP>
				<uCOM>UN</uCOM>
				<qCOM>1.0000</qCOM>
				<vUnCom>2000.00</vUnCom>
				<vProd>2000.00</vProd>
				<cEANTrib>7898489995077</cEANTrib>
				<uTrib>UN</uTrib>
				<qTrib>1.0000</qTrib>
				<vUnTrib>2000.00</vUnTrib>
				<indTot>1</indTot>
				<nTipoItem>3</nTipoItem>
				<arma>
					<armaItem>
						<tpArma>1</tpArma>
						<nSerie_arma>123654789</nSerie_arma>
						<nCano>459817123</nCano>
						<descr>Avtomat Kalashnikova 47</descr>
					</armaItem>
					<armaItem>
						<tpArma>1</tpArma>
						<nSerie_arma>987654321</nSerie_arma>
						<nCano>45987123</nCano>
						<descr>Browning M2</descr>
					</armaItem>
					<armaItem>
						<tpArma>0</tpArma>
						<nSerie_arma>356891248</nSerie_arma>
						<nCano>45817123</nCano>
						<descr>Taurus Calibre 12</descr>
					</armaItem>
				</arma>
			</prod>
			<imposto>
				<vTotTrib>0.00</vTotTrib>
				<ICMS>
					<orig>0</orig>
					<CST>00</CST>
					<modBC>3</modBC>
					<vBC>100.00</vBC>
					<pICMS>12.00</pICMS>
					<vICMS_icms>17.00</vICMS_icms>
				</ICMS>
				<PIS>
					<CST_pis>07</CST_pis>
				</PIS>
				<COFINS>
					<CST_cofins>07</CST_cofins>
				</COFINS>
			</imposto>
		</detItem>
		<detItem>
			<prod>
				<cProd>666</cProd>
				<cEAN>7898489995077</cEAN>
				<xProd>AK-47</xProd>
				<NCM>87113000</NCM>
				<CFOP>6102</CFOP>
				<uCOM>UN</uCOM>
				<qCOM>1.0000</qCOM>
				<vUnCom>2000.00</vUnCom>
				<vProd>2000.00</vProd>
				<cEANTrib>7898489995077</cEANTrib>
				<uTrib>UN</uTrib>
				<qTrib>1.0000</qTrib>
				<vUnTrib>2000.00</vUnTrib>
				<indTot>1</indTot>
				<nTipoItem>3</nTipoItem>
				<arma>
					<armaItem>
						<tpArma>1</tpArma>
						<nSerie_arma>123654789</nSerie_arma>
						<nCano>459817123</nCano>
						<descr>Avtomat Kalashnikova 47</descr>
					</armaItem>
					<armaItem>
						<tpArma>1</tpArma>
						<nSerie_arma>987654321</nSerie_arma>
						<nCano>45987123</nCano>
						<descr>Browning M2</descr>
					</armaItem>
					<armaItem>
						<tpArma>0</tpArma>
						<nSerie_arma>356891248</nSerie_arma>
						<nCano>45817123</nCano>
						<descr>Taurus Calibre 12</descr>
					</armaItem>
				</arma>
			</prod>
			<imposto>
				<vTotTrib>0.00</vTotTrib>
				<ICMS>
					<orig>0</orig>
					<CST>00</CST>
					<modBC>3</modBC>
					<vBC>100.00</vBC>
					<pICMS>12.00</pICMS>
					<vICMS_icms>17.00</vICMS_icms>
				</ICMS>
				<PIS>
					<CST_pis>07</CST_pis>
				</PIS>
				<COFINS>
					<CST_cofins>07</CST_cofins>
				</COFINS>
			</imposto>
		</detItem>
		<detItem>
			<prod>
				<cProd>666</cProd>
				<cEAN>7898489995077</cEAN>
				<xProd>AK-47</xProd>
				<NCM>87113000</NCM>
				<CFOP>6102</CFOP>
				<uCOM>UN</uCOM>
				<qCOM>1.0000</qCOM>
				<vUnCom>2000.00</vUnCom>
				<vProd>2000.00</vProd>
				<cEANTrib>7898489995077</cEANTrib>
				<uTrib>UN</uTrib>
				<qTrib>1.0000</qTrib>
				<vUnTrib>2000.00</vUnTrib>
				<indTot>1</indTot>
				<nTipoItem>3</nTipoItem>
				<arma>
					<armaItem>
						<tpArma>1</tpArma>
						<nSerie_arma>123654789</nSerie_arma>
						<nCano>459817123</nCano>
						<descr>Avtomat Kalashnikova 47</descr>
					</armaItem>
					<armaItem>
						<tpArma>1</tpArma>
						<nSerie_arma>987654321</nSerie_arma>
						<nCano>45987123</nCano>
						<descr>Browning M2</descr>
					</armaItem>
					<armaItem>
						<tpArma>0</tpArma>
						<nSerie_arma>356891248</nSerie_arma>
						<nCano>45817123</nCano>
						<descr>Taurus Calibre 12</descr>
					</armaItem>
				</arma>
			</prod>
			<imposto>
				<vTotTrib>0.00</vTotTrib>
				<ICMS>
					<orig>0</orig>
					<CST>00</CST>
					<modBC>3</modBC>
					<vBC>100.00</vBC>
					<pICMS>12.00</pICMS>
					<vICMS_icms>17.00</vICMS_icms>
				</ICMS>
				<PIS>
					<CST_pis>07</CST_pis>
				</PIS>
				<COFINS>
					<CST_cofins>07</CST_cofins>
				</COFINS>
			</imposto>
		</detItem>
		<detItem>
			<prod>
				<cProd>666</cProd>
				<cEAN>7898489995077</cEAN>
				<xProd>AK-47</xProd>
				<NCM>87113000</NCM>
				<CFOP>6102</CFOP>
				<uCOM>UN</uCOM>
				<qCOM>1.0000</qCOM>
				<vUnCom>2000.00</vUnCom>
				<vProd>2000.00</vProd>
				<cEANTrib>7898489995077</cEANTrib>
				<uTrib>UN</uTrib>
				<qTrib>1.0000</qTrib>
				<vUnTrib>2000.00</vUnTrib>
				<indTot>1</indTot>
				<nTipoItem>3</nTipoItem>
				<arma>
					<armaItem>
						<tpArma>1</tpArma>
						<nSerie_arma>123654789</nSerie_arma>
						<nCano>459817123</nCano>
						<descr>Avtomat Kalashnikova 47</descr>
					</armaItem>
					<armaItem>
						<tpArma>1</tpArma>
						<nSerie_arma>987654321</nSerie_arma>
						<nCano>45987123</nCano>
						<descr>Browning M2</descr>
					</armaItem>
					<armaItem>
						<tpArma>0</tpArma>
						<nSerie_arma>356891248</nSerie_arma>
						<nCano>45817123</nCano>
						<descr>Taurus Calibre 12</descr>
					</armaItem>
				</arma>
			</prod>
			<imposto>
				<vTotTrib>0.00</vTotTrib>
				<ICMS>
					<orig>0</orig>
					<CST>00</CST>
					<modBC>3</modBC>
					<vBC>100.00</vBC>
					<pICMS>12.00</pICMS>
					<vICMS_icms>17.00</vICMS_icms>
				</ICMS>
				<PIS>
					<CST_pis>07</CST_pis>
				</PIS>
				<COFINS>
					<CST_cofins>07</CST_cofins>
				</COFINS>
			</imposto>
		</detItem>
		<detItem>
			<prod>
				<cProd>666</cProd>
				<cEAN>7898489995077</cEAN>
				<xProd>AK-47</xProd>
				<NCM>87113000</NCM>
				<CFOP>6102</CFOP>
				<uCOM>UN</uCOM>
				<qCOM>1.0000</qCOM>
				<vUnCom>2000.00</vUnCom>
				<vProd>2000.00</vProd>
				<cEANTrib>7898489995077</cEANTrib>
				<uTrib>UN</uTrib>
				<qTrib>1.0000</qTrib>
				<vUnTrib>2000.00</vUnTrib>
				<indTot>1</indTot>
				<nTipoItem>3</nTipoItem>
				<arma>
					<armaItem>
						<tpArma>1</tpArma>
						<nSerie_arma>123654789</nSerie_arma>
						<nCano>459817123</nCano>
						<descr>Avtomat Kalashnikova 47</descr>
					</armaItem>
					<armaItem>
						<tpArma>1</tpArma>
						<nSerie_arma>987654321</nSerie_arma>
						<nCano>45987123</nCano>
						<descr>Browning M2</descr>
					</armaItem>
					<armaItem>
						<tpArma>0</tpArma>
						<nSerie_arma>356891248</nSerie_arma>
						<nCano>45817123</nCano>
						<descr>Taurus Calibre 12</descr>
					</armaItem>
				</arma>
			</prod>
			<imposto>
				<vTotTrib>0.00</vTotTrib>
				<ICMS>
					<orig>0</orig>
					<CST>00</CST>
					<modBC>3</modBC>
					<vBC>100.00</vBC>
					<pICMS>12.00</pICMS>
					<vICMS_icms>17.00</vICMS_icms>
				</ICMS>
				<PIS>
					<CST_pis>07</CST_pis>
				</PIS>
				<COFINS>
					<CST_cofins>07</CST_cofins>
				</COFINS>
			</imposto>
		</detItem>
		<detItem>
			<prod>
				<cProd>666</cProd>
				<cEAN>7898489995077</cEAN>
				<xProd>AK-47</xProd>
				<NCM>87113000</NCM>
				<CFOP>6102</CFOP>
				<uCOM>UN</uCOM>
				<qCOM>1.0000</qCOM>
				<vUnCom>2000.00</vUnCom>
				<vProd>2000.00</vProd>
				<cEANTrib>7898489995077</cEANTrib>
				<uTrib>UN</uTrib>
				<qTrib>1.0000</qTrib>
				<vUnTrib>2000.00</vUnTrib>
				<indTot>1</indTot>
				<nTipoItem>3</nTipoItem>
				<arma>
					<armaItem>
						<tpArma>1</tpArma>
						<nSerie_arma>123654789</nSerie_arma>
						<nCano>459817123</nCano>
						<descr>Avtomat Kalashnikova 47</descr>
					</armaItem>
					<armaItem>
						<tpArma>1</tpArma>
						<nSerie_arma>987654321</nSerie_arma>
						<nCano>45987123</nCano>
						<descr>Browning M2</descr>
					</armaItem>
					<armaItem>
						<tpArma>0</tpArma>
						<nSerie_arma>356891248</nSerie_arma>
						<nCano>45817123</nCano>
						<descr>Taurus Calibre 12</descr>
					</armaItem>
				</arma>
			</prod>
			<imposto>
				<vTotTrib>0.00</vTotTrib>
				<ICMS>
					<orig>0</orig>
					<CST>00</CST>
					<modBC>3</modBC>
					<vBC>100.00</vBC>
					<pICMS>12.00</pICMS>
					<vICMS_icms>17.00</vICMS_icms>
				</ICMS>
				<PIS>
					<CST_pis>07</CST_pis>
				</PIS>
				<COFINS>
					<CST_cofins>07</CST_cofins>
				</COFINS>
			</imposto>
		</detItem>
		<detItem>
			<prod>
				<cProd>666</cProd>
				<cEAN>7898489995077</cEAN>
				<xProd>AK-47</xProd>
				<NCM>87113000</NCM>
				<CFOP>6102</CFOP>
				<uCOM>UN</uCOM>
				<qCOM>1.0000</qCOM>
				<vUnCom>2000.00</vUnCom>
				<vProd>2000.00</vProd>
				<cEANTrib>7898489995077</cEANTrib>
				<uTrib>UN</uTrib>
				<qTrib>1.0000</qTrib>
				<vUnTrib>2000.00</vUnTrib>
				<indTot>1</indTot>
				<nTipoItem>3</nTipoItem>
				<arma>
					<armaItem>
						<tpArma>1</tpArma>
						<nSerie_arma>123654789</nSerie_arma>
						<nCano>459817123</nCano>
						<descr>Avtomat Kalashnikova 47</descr>
					</armaItem>
					<armaItem>
						<tpArma>1</tpArma>
						<nSerie_arma>987654321</nSerie_arma>
						<nCano>45987123</nCano>
						<descr>Browning M2</descr>
					</armaItem>
					<armaItem>
						<tpArma>0</tpArma>
						<nSerie_arma>356891248</nSerie_arma>
						<nCano>45817123</nCano>
						<descr>Taurus Calibre 12</descr>
					</armaItem>
				</arma>
			</prod>
			<imposto>
				<vTotTrib>0.00</vTotTrib>
				<ICMS>
					<orig>0</orig>
					<CST>00</CST>
					<modBC>3</modBC>
					<vBC>100.00</vBC>
					<pICMS>12.00</pICMS>
					<vICMS_icms>17.00</vICMS_icms>
				</ICMS>
				<PIS>
					<CST_pis>07</CST_pis>
				</PIS>
				<COFINS>
					<CST_cofins>07</CST_cofins>
				</COFINS>
			</imposto>
		</detItem>
		<detItem>
			<prod>
				<cProd>666</cProd>
				<cEAN>7898489995077</cEAN>
				<xProd>AK-47</xProd>
				<NCM>87113000</NCM>
				<CFOP>6102</CFOP>
				<uCOM>UN</uCOM>
				<qCOM>1.0000</qCOM>
				<vUnCom>2000.00</vUnCom>
				<vProd>2000.00</vProd>
				<cEANTrib>7898489995077</cEANTrib>
				<uTrib>UN</uTrib>
				<qTrib>1.0000</qTrib>
				<vUnTrib>2000.00</vUnTrib>
				<indTot>1</indTot>
				<nTipoItem>3</nTipoItem>
				<arma>
					<armaItem>
						<tpArma>1</tpArma>
						<nSerie_arma>123654789</nSerie_arma>
						<nCano>459817123</nCano>
						<descr>Avtomat Kalashnikova 47</descr>
					</armaItem>
					<armaItem>
						<tpArma>1</tpArma>
						<nSerie_arma>987654321</nSerie_arma>
						<nCano>45987123</nCano>
						<descr>Browning M2</descr>
					</armaItem>
					<armaItem>
						<tpArma>0</tpArma>
						<nSerie_arma>356891248</nSerie_arma>
						<nCano>45817123</nCano>
						<descr>Taurus Calibre 12</descr>
					</armaItem>
				</arma>
			</prod>
			<imposto>
				<vTotTrib>0.00</vTotTrib>
				<ICMS>
					<orig>0</orig>
					<CST>00</CST>
					<modBC>3</modBC>
					<vBC>100.00</vBC>
					<pICMS>12.00</pICMS>
					<vICMS_icms>17.00</vICMS_icms>
				</ICMS>
				<PIS>
					<CST_pis>07</CST_pis>
				</PIS>
				<COFINS>
					<CST_cofins>07</CST_cofins>
				</COFINS>
			</imposto>
		</detItem>
		<detItem>
			<prod>
				<cProd>666</cProd>
				<cEAN>7898489995077</cEAN>
				<xProd>AK-47</xProd>
				<NCM>87113000</NCM>
				<CFOP>6102</CFOP>
				<uCOM>UN</uCOM>
				<qCOM>1.0000</qCOM>
				<vUnCom>2000.00</vUnCom>
				<vProd>2000.00</vProd>
				<cEANTrib>7898489995077</cEANTrib>
				<uTrib>UN</uTrib>
				<qTrib>1.0000</qTrib>
				<vUnTrib>2000.00</vUnTrib>
				<indTot>1</indTot>
				<nTipoItem>3</nTipoItem>
				<arma>
					<armaItem>
						<tpArma>1</tpArma>
						<nSerie_arma>123654789</nSerie_arma>
						<nCano>459817123</nCano>
						<descr>Avtomat Kalashnikova 47</descr>
					</armaItem>
					<armaItem>
						<tpArma>1</tpArma>
						<nSerie_arma>987654321</nSerie_arma>
						<nCano>45987123</nCano>
						<descr>Browning M2</descr>
					</armaItem>
					<armaItem>
						<tpArma>0</tpArma>
						<nSerie_arma>356891248</nSerie_arma>
						<nCano>45817123</nCano>
						<descr>Taurus Calibre 12</descr>
					</armaItem>
				</arma>
			</prod>
			<imposto>
				<vTotTrib>0.00</vTotTrib>
				<ICMS>
					<orig>0</orig>
					<CST>00</CST>
					<modBC>3</modBC>
					<vBC>100.00</vBC>
					<pICMS>12.00</pICMS>
					<vICMS_icms>17.00</vICMS_icms>
				</ICMS>
				<PIS>
					<CST_pis>07</CST_pis>
				</PIS>
				<COFINS>
					<CST_cofins>07</CST_cofins>
				</COFINS>
			</imposto>
		</detItem>
		<detItem>
			<prod>
				<cProd>666</cProd>
				<cEAN>7898489995077</cEAN>
				<xProd>AK-47</xProd>
				<NCM>87113000</NCM>
				<CFOP>6102</CFOP>
				<uCOM>UN</uCOM>
				<qCOM>1.0000</qCOM>
				<vUnCom>2000.00</vUnCom>
				<vProd>2000.00</vProd>
				<cEANTrib>7898489995077</cEANTrib>
				<uTrib>UN</uTrib>
				<qTrib>1.0000</qTrib>
				<vUnTrib>2000.00</vUnTrib>
				<indTot>1</indTot>
				<nTipoItem>3</nTipoItem>
				<arma>
					<armaItem>
						<tpArma>1</tpArma>
						<nSerie_arma>123654789</nSerie_arma>
						<nCano>459817123</nCano>
						<descr>Avtomat Kalashnikova 47</descr>
					</armaItem>
					<armaItem>
						<tpArma>1</tpArma>
						<nSerie_arma>987654321</nSerie_arma>
						<nCano>45987123</nCano>
						<descr>Browning M2</descr>
					</armaItem>
					<armaItem>
						<tpArma>0</tpArma>
						<nSerie_arma>356891248</nSerie_arma>
						<nCano>45817123</nCano>
						<descr>Taurus Calibre 12</descr>
					</armaItem>
				</arma>
			</prod>
			<imposto>
				<vTotTrib>0.00</vTotTrib>
				<ICMS>
					<orig>0</orig>
					<CST>00</CST>
					<modBC>3</modBC>
					<vBC>100.00</vBC>
					<pICMS>12.00</pICMS>
					<vICMS_icms>17.00</vICMS_icms>
				</ICMS>
				<PIS>
					<CST_pis>07</CST_pis>
				</PIS>
				<COFINS>
					<CST_cofins>07</CST_cofins>
				</COFINS>
			</imposto>
		</detItem>
		<detItem>
			<prod>
				<cProd>666</cProd>
				<cEAN>7898489995077</cEAN>
				<xProd>AK-47</xProd>
				<NCM>87113000</NCM>
				<CFOP>6102</CFOP>
				<uCOM>UN</uCOM>
				<qCOM>1.0000</qCOM>
				<vUnCom>2000.00</vUnCom>
				<vProd>2000.00</vProd>
				<cEANTrib>7898489995077</cEANTrib>
				<uTrib>UN</uTrib>
				<qTrib>1.0000</qTrib>
				<vUnTrib>2000.00</vUnTrib>
				<indTot>1</indTot>
				<nTipoItem>3</nTipoItem>
				<arma>
					<armaItem>
						<tpArma>1</tpArma>
						<nSerie_arma>123654789</nSerie_arma>
						<nCano>459817123</nCano>
						<descr>Avtomat Kalashnikova 47</descr>
					</armaItem>
					<armaItem>
						<tpArma>1</tpArma>
						<nSerie_arma>987654321</nSerie_arma>
						<nCano>45987123</nCano>
						<descr>Browning M2</descr>
					</armaItem>
					<armaItem>
						<tpArma>0</tpArma>
						<nSerie_arma>356891248</nSerie_arma>
						<nCano>45817123</nCano>
						<descr>Taurus Calibre 12</descr>
					</armaItem>
				</arma>
			</prod>
			<imposto>
				<vTotTrib>0.00</vTotTrib>
				<ICMS>
					<orig>0</orig>
					<CST>00</CST>
					<modBC>3</modBC>
					<vBC>100.00</vBC>
					<pICMS>12.00</pICMS>
					<vICMS_icms>17.00</vICMS_icms>
				</ICMS>
				<PIS>
					<CST_pis>07</CST_pis>
				</PIS>
				<COFINS>
					<CST_cofins>07</CST_cofins>
				</COFINS>
			</imposto>
		</detItem>
		<detItem>
			<prod>
				<cProd>666</cProd>
				<cEAN>7898489995077</cEAN>
				<xProd>AK-47</xProd>
				<NCM>87113000</NCM>
				<CFOP>6102</CFOP>
				<uCOM>UN</uCOM>
				<qCOM>1.0000</qCOM>
				<vUnCom>2000.00</vUnCom>
				<vProd>2000.00</vProd>
				<cEANTrib>7898489995077</cEANTrib>
				<uTrib>UN</uTrib>
				<qTrib>1.0000</qTrib>
				<vUnTrib>2000.00</vUnTrib>
				<indTot>1</indTot>
				<nTipoItem>3</nTipoItem>
				<arma>
					<armaItem>
						<tpArma>1</tpArma>
						<nSerie_arma>123654789</nSerie_arma>
						<nCano>459817123</nCano>
						<descr>Avtomat Kalashnikova 47</descr>
					</armaItem>
					<armaItem>
						<tpArma>1</tpArma>
						<nSerie_arma>987654321</nSerie_arma>
						<nCano>45987123</nCano>
						<descr>Browning M2</descr>
					</armaItem>
					<armaItem>
						<tpArma>0</tpArma>
						<nSerie_arma>356891248</nSerie_arma>
						<nCano>45817123</nCano>
						<descr>Taurus Calibre 12</descr>
					</armaItem>
				</arma>
			</prod>
			<imposto>
				<vTotTrib>0.00</vTotTrib>
				<ICMS>
					<orig>0</orig>
					<CST>00</CST>
					<modBC>3</modBC>
					<vBC>100.00</vBC>
					<pICMS>12.00</pICMS>
					<vICMS_icms>17.00</vICMS_icms>
				</ICMS>
				<PIS>
					<CST_pis>07</CST_pis>
				</PIS>
				<COFINS>
					<CST_cofins>07</CST_cofins>
				</COFINS>
			</imposto>
		</detItem>
		<detItem>
			<prod>
				<cProd>666</cProd>
				<cEAN>7898489995077</cEAN>
				<xProd>AK-47</xProd>
				<NCM>87113000</NCM>
				<CFOP>6102</CFOP>
				<uCOM>UN</uCOM>
				<qCOM>1.0000</qCOM>
				<vUnCom>2000.00</vUnCom>
				<vProd>2000.00</vProd>
				<cEANTrib>7898489995077</cEANTrib>
				<uTrib>UN</uTrib>
				<qTrib>1.0000</qTrib>
				<vUnTrib>2000.00</vUnTrib>
				<indTot>1</indTot>
				<nTipoItem>3</nTipoItem>
				<arma>
					<armaItem>
						<tpArma>1</tpArma>
						<nSerie_arma>123654789</nSerie_arma>
						<nCano>459817123</nCano>
						<descr>Avtomat Kalashnikova 47</descr>
					</armaItem>
					<armaItem>
						<tpArma>1</tpArma>
						<nSerie_arma>987654321</nSerie_arma>
						<nCano>45987123</nCano>
						<descr>Browning M2</descr>
					</armaItem>
					<armaItem>
						<tpArma>0</tpArma>
						<nSerie_arma>356891248</nSerie_arma>
						<nCano>45817123</nCano>
						<descr>Taurus Calibre 12</descr>
					</armaItem>
				</arma>
			</prod>
			<imposto>
				<vTotTrib>0.00</vTotTrib>
				<ICMS>
					<orig>0</orig>
					<CST>00</CST>
					<modBC>3</modBC>
					<vBC>100.00</vBC>
					<pICMS>12.00</pICMS>
					<vICMS_icms>17.00</vICMS_icms>
				</ICMS>
				<PIS>
					<CST_pis>07</CST_pis>
				</PIS>
				<COFINS>
					<CST_cofins>07</CST_cofins>
				</COFINS>
			</imposto>
		</detItem>
		<detItem>
			<prod>
				<cProd>666</cProd>
				<cEAN>7898489995077</cEAN>
				<xProd>AK-47</xProd>
				<NCM>87113000</NCM>
				<CFOP>6102</CFOP>
				<uCOM>UN</uCOM>
				<qCOM>1.0000</qCOM>
				<vUnCom>2000.00</vUnCom>
				<vProd>2000.00</vProd>
				<cEANTrib>7898489995077</cEANTrib>
				<uTrib>UN</uTrib>
				<qTrib>1.0000</qTrib>
				<vUnTrib>2000.00</vUnTrib>
				<indTot>1</indTot>
				<nTipoItem>3</nTipoItem>
				<arma>
					<armaItem>
						<tpArma>1</tpArma>
						<nSerie_arma>123654789</nSerie_arma>
						<nCano>459817123</nCano>
						<descr>Avtomat Kalashnikova 47</descr>
					</armaItem>
					<armaItem>
						<tpArma>1</tpArma>
						<nSerie_arma>987654321</nSerie_arma>
						<nCano>45987123</nCano>
						<descr>Browning M2</descr>
					</armaItem>
					<armaItem>
						<tpArma>0</tpArma>
						<nSerie_arma>356891248</nSerie_arma>
						<nCano>45817123</nCano>
						<descr>Taurus Calibre 12</descr>
					</armaItem>
				</arma>
			</prod>
			<imposto>
				<vTotTrib>0.00</vTotTrib>
				<ICMS>
					<orig>0</orig>
					<CST>00</CST>
					<modBC>3</modBC>
					<vBC>100.00</vBC>
					<pICMS>12.00</pICMS>
					<vICMS_icms>17.00</vICMS_icms>
				</ICMS>
				<PIS>
					<CST_pis>07</CST_pis>
				</PIS>
				<COFINS>
					<CST_cofins>07</CST_cofins>
				</COFINS>
			</imposto>
		</detItem>
		<detItem>
			<prod>
				<cProd>666</cProd>
				<cEAN>7898489995077</cEAN>
				<xProd>AK-47</xProd>
				<NCM>87113000</NCM>
				<CFOP>6102</CFOP>
				<uCOM>UN</uCOM>
				<qCOM>1.0000</qCOM>
				<vUnCom>2000.00</vUnCom>
				<vProd>2000.00</vProd>
				<cEANTrib>7898489995077</cEANTrib>
				<uTrib>UN</uTrib>
				<qTrib>1.0000</qTrib>
				<vUnTrib>2000.00</vUnTrib>
				<indTot>1</indTot>
				<nTipoItem>3</nTipoItem>
				<arma>
					<armaItem>
						<tpArma>1</tpArma>
						<nSerie_arma>123654789</nSerie_arma>
						<nCano>459817123</nCano>
						<descr>Avtomat Kalashnikova 47</descr>
					</armaItem>
					<armaItem>
						<tpArma>1</tpArma>
						<nSerie_arma>987654321</nSerie_arma>
						<nCano>45987123</nCano>
						<descr>Browning M2</descr>
					</armaItem>
					<armaItem>
						<tpArma>0</tpArma>
						<nSerie_arma>356891248</nSerie_arma>
						<nCano>45817123</nCano>
						<descr>Taurus Calibre 12</descr>
					</armaItem>
				</arma>
			</prod>
			<imposto>
				<vTotTrib>0.00</vTotTrib>
				<ICMS>
					<orig>0</orig>
					<CST>00</CST>
					<modBC>3</modBC>
					<vBC>100.00</vBC>
					<pICMS>12.00</pICMS>
					<vICMS_icms>17.00</vICMS_icms>
				</ICMS>
				<PIS>
					<CST_pis>07</CST_pis>
				</PIS>
				<COFINS>
					<CST_cofins>07</CST_cofins>
				</COFINS>
			</imposto>
		</detItem>
		<detItem>
			<prod>
				<cProd>666</cProd>
				<cEAN>7898489995077</cEAN>
				<xProd>AK-47</xProd>
				<NCM>87113000</NCM>
				<CFOP>6102</CFOP>
				<uCOM>UN</uCOM>
				<qCOM>1.0000</qCOM>
				<vUnCom>2000.00</vUnCom>
				<vProd>2000.00</vProd>
				<cEANTrib>7898489995077</cEANTrib>
				<uTrib>UN</uTrib>
				<qTrib>1.0000</qTrib>
				<vUnTrib>2000.00</vUnTrib>
				<indTot>1</indTot>
				<nTipoItem>3</nTipoItem>
				<arma>
					<armaItem>
						<tpArma>1</tpArma>
						<nSerie_arma>123654789</nSerie_arma>
						<nCano>459817123</nCano>
						<descr>Avtomat Kalashnikova 47</descr>
					</armaItem>
					<armaItem>
						<tpArma>1</tpArma>
						<nSerie_arma>987654321</nSerie_arma>
						<nCano>45987123</nCano>
						<descr>Browning M2</descr>
					</armaItem>
					<armaItem>
						<tpArma>0</tpArma>
						<nSerie_arma>356891248</nSerie_arma>
						<nCano>45817123</nCano>
						<descr>Taurus Calibre 12</descr>
					</armaItem>
				</arma>
			</prod>
			<imposto>
				<vTotTrib>0.00</vTotTrib>
				<ICMS>
					<orig>0</orig>
					<CST>00</CST>
					<modBC>3</modBC>
					<vBC>100.00</vBC>
					<pICMS>12.00</pICMS>
					<vICMS_icms>17.00</vICMS_icms>
				</ICMS>
				<PIS>
					<CST_pis>07</CST_pis>
				</PIS>
				<COFINS>
					<CST_cofins>07</CST_cofins>
				</COFINS>
			</imposto>
		</detItem>
		<detItem>
			<prod>
				<cProd>666</cProd>
				<cEAN>7898489995077</cEAN>
				<xProd>AK-47</xProd>
				<NCM>87113000</NCM>
				<CFOP>6102</CFOP>
				<uCOM>UN</uCOM>
				<qCOM>1.0000</qCOM>
				<vUnCom>2000.00</vUnCom>
				<vProd>2000.00</vProd>
				<cEANTrib>7898489995077</cEANTrib>
				<uTrib>UN</uTrib>
				<qTrib>1.0000</qTrib>
				<vUnTrib>2000.00</vUnTrib>
				<indTot>1</indTot>
				<nTipoItem>3</nTipoItem>
				<arma>
					<armaItem>
						<tpArma>1</tpArma>
						<nSerie_arma>123654789</nSerie_arma>
						<nCano>459817123</nCano>
						<descr>Avtomat Kalashnikova 47</descr>
					</armaItem>
					<armaItem>
						<tpArma>1</tpArma>
						<nSerie_arma>987654321</nSerie_arma>
						<nCano>45987123</nCano>
						<descr>Browning M2</descr>
					</armaItem>
					<armaItem>
						<tpArma>0</tpArma>
						<nSerie_arma>356891248</nSerie_arma>
						<nCano>45817123</nCano>
						<descr>Taurus Calibre 12</descr>
					</armaItem>
				</arma>
			</prod>
			<imposto>
				<vTotTrib>0.00</vTotTrib>
				<ICMS>
					<orig>0</orig>
					<CST>00</CST>
					<modBC>3</modBC>
					<vBC>100.00</vBC>
					<pICMS>12.00</pICMS>
					<vICMS_icms>17.00</vICMS_icms>
				</ICMS>
				<PIS>
					<CST_pis>07</CST_pis>
				</PIS>
				<COFINS>
					<CST_cofins>07</CST_cofins>
				</COFINS>
			</imposto>
		</detItem>
		<detItem>
			<prod>
				<cProd>666</cProd>
				<cEAN>7898489995077</cEAN>
				<xProd>AK-47</xProd>
				<NCM>87113000</NCM>
				<CFOP>6102</CFOP>
				<uCOM>UN</uCOM>
				<qCOM>1.0000</qCOM>
				<vUnCom>2000.00</vUnCom>
				<vProd>2000.00</vProd>
				<cEANTrib>7898489995077</cEANTrib>
				<uTrib>UN</uTrib>
				<qTrib>1.0000</qTrib>
				<vUnTrib>2000.00</vUnTrib>
				<indTot>1</indTot>
				<nTipoItem>3</nTipoItem>
				<arma>
					<armaItem>
						<tpArma>1</tpArma>
						<nSerie_arma>123654789</nSerie_arma>
						<nCano>459817123</nCano>
						<descr>Avtomat Kalashnikova 47</descr>
					</armaItem>
					<armaItem>
						<tpArma>1</tpArma>
						<nSerie_arma>987654321</nSerie_arma>
						<nCano>45987123</nCano>
						<descr>Browning M2</descr>
					</armaItem>
					<armaItem>
						<tpArma>0</tpArma>
						<nSerie_arma>356891248</nSerie_arma>
						<nCano>45817123</nCano>
						<descr>Taurus Calibre 12</descr>
					</armaItem>
				</arma>
			</prod>
			<imposto>
				<vTotTrib>0.00</vTotTrib>
				<ICMS>
					<orig>0</orig>
					<CST>00</CST>
					<modBC>3</modBC>
					<vBC>100.00</vBC>
					<pICMS>12.00</pICMS>
					<vICMS_icms>17.00</vICMS_icms>
				</ICMS>
				<PIS>
					<CST_pis>07</CST_pis>
				</PIS>
				<COFINS>
					<CST_cofins>07</CST_cofins>
				</COFINS>
			</imposto>
		</detItem>
		<detItem>
			<prod>
				<cProd>666</cProd>
				<cEAN>7898489995077</cEAN>
				<xProd>AK-47</xProd>
				<NCM>87113000</NCM>
				<CFOP>6102</CFOP>
				<uCOM>UN</uCOM>
				<qCOM>1.0000</qCOM>
				<vUnCom>2000.00</vUnCom>
				<vProd>2000.00</vProd>
				<cEANTrib>7898489995077</cEANTrib>
				<uTrib>UN</uTrib>
				<qTrib>1.0000</qTrib>
				<vUnTrib>2000.00</vUnTrib>
				<indTot>1</indTot>
				<nTipoItem>3</nTipoItem>
				<arma>
					<armaItem>
						<tpArma>1</tpArma>
						<nSerie_arma>123654789</nSerie_arma>
						<nCano>459817123</nCano>
						<descr>Avtomat Kalashnikova 47</descr>
					</armaItem>
					<armaItem>
						<tpArma>1</tpArma>
						<nSerie_arma>987654321</nSerie_arma>
						<nCano>45987123</nCano>
						<descr>Browning M2</descr>
					</armaItem>
					<armaItem>
						<tpArma>0</tpArma>
						<nSerie_arma>356891248</nSerie_arma>
						<nCano>45817123</nCano>
						<descr>Taurus Calibre 12</descr>
					</armaItem>
				</arma>
			</prod>
			<imposto>
				<vTotTrib>0.00</vTotTrib>
				<ICMS>
					<orig>0</orig>
					<CST>00</CST>
					<modBC>3</modBC>
					<vBC>100.00</vBC>
					<pICMS>12.00</pICMS>
					<vICMS_icms>17.00</vICMS_icms>
				</ICMS>
				<PIS>
					<CST_pis>07</CST_pis>
				</PIS>
				<COFINS>
					<CST_cofins>07</CST_cofins>
				</COFINS>
			</imposto>
		</detItem>
		<detItem>
			<prod>
				<cProd>666</cProd>
				<cEAN>7898489995077</cEAN>
				<xProd>AK-47</xProd>
				<NCM>87113000</NCM>
				<CFOP>6102</CFOP>
				<uCOM>UN</uCOM>
				<qCOM>1.0000</qCOM>
				<vUnCom>2000.00</vUnCom>
				<vProd>2000.00</vProd>
				<cEANTrib>7898489995077</cEANTrib>
				<uTrib>UN</uTrib>
				<qTrib>1.0000</qTrib>
				<vUnTrib>2000.00</vUnTrib>
				<indTot>1</indTot>
				<nTipoItem>3</nTipoItem>
				<arma>
					<armaItem>
						<tpArma>1</tpArma>
						<nSerie_arma>123654789</nSerie_arma>
						<nCano>459817123</nCano>
						<descr>Avtomat Kalashnikova 47</descr>
					</armaItem>
					<armaItem>
						<tpArma>1</tpArma>
						<nSerie_arma>987654321</nSerie_arma>
						<nCano>45987123</nCano>
						<descr>Browning M2</descr>
					</armaItem>
					<armaItem>
						<tpArma>0</tpArma>
						<nSerie_arma>356891248</nSerie_arma>
						<nCano>45817123</nCano>
						<descr>Taurus Calibre 12</descr>
					</armaItem>
				</arma>
			</prod>
			<imposto>
				<vTotTrib>0.00</vTotTrib>
				<ICMS>
					<orig>0</orig>
					<CST>00</CST>
					<modBC>3</modBC>
					<vBC>100.00</vBC>
					<pICMS>12.00</pICMS>
					<vICMS_icms>17.00</vICMS_icms>
				</ICMS>
				<PIS>
					<CST_pis>07</CST_pis>
				</PIS>
				<COFINS>
					<CST_cofins>07</CST_cofins>
				</COFINS>
			</imposto>
		</detItem>
	</det>
	<total>
		<ICMStot>
			<vBC_ttlnfe>2000.00</vBC_ttlnfe>
			<vICMS_ttlnfe>340.00</vICMS_ttlnfe>
			<vICMSDeson_ttlnfe>0.00</vICMSDeson_ttlnfe>
			<vBCST_ttlnfe>0.00</vBCST_ttlnfe>
			<vST_ttlnfe>0.00</vST_ttlnfe>
			<vProd_ttlnfe>40000.00</vProd_ttlnfe>
			<vFrete_ttlnfe>0</vFrete_ttlnfe>
			<vSeg_ttlnfe>0</vSeg_ttlnfe>
			<vDesc_ttlnfe>0</vDesc_ttlnfe>
			<vII_ttlnfe>0.00</vII_ttlnfe>
			<vIPI_ttlnfe>0</vIPI_ttlnfe>
			<vPIS_ttlnfe>0</vPIS_ttlnfe>
			<vCOFINS_ttlnfe>0</vCOFINS_ttlnfe>
			<vOutro>0</vOutro>
			<vNF>40000.00</vNF>
			<vTotTrib_ttlnfe>0.00</vTotTrib_ttlnfe>
		</ICMStot>
	</total>
	<transp>
		<modFrete>1</modFrete>
	</transp>
	<pag>
		<pagItem>
			<tPag>01</tPag>
			<vPag>40000.00</vPag>
		</pagItem>
	</pag>
</Envio>