<Envio>
	<ModeloDocumento>NFe</ModeloDocumento>
	<Versao>4.00</Versao>
	<Parametros>
		<ApelidoLogomarca>Logomarca</ApelidoLogomarca>
	</Parametros>
	<ide>
		<cNF>111</cNF>
		<cUF>43</cUF>
		<natOp>NFE CST 00</natOp>
		<mod>55</mod>
		<serie>20</serie>
		<nNF>191</nNF>
		<dhEmi>2017-07-19T17:01:00</dhEmi>
		<fusoHorario>-03:00</fusoHorario>
		<tpNf>1</tpNf>
		<idDest>1</idDest>
		<indFinal>0</indFinal>
		<indPres>0</indPres>
		<cMunFg>4321808</cMunFg>
		<tpImp>1</tpImp>
		<tpEmis>1</tpEmis>
		<tpAmb>2</tpAmb>
		<finNFe>1</finNFe>
		<EmailArquivos>email@gmail.com</EmailArquivos>
	</ide>
	<emit>
		<CNPJ_emit>99999999999999</CNPJ_emit>
		<xNome>Migrate</xNome>
		<xFant>EMPRESA DE TESTE</xFant>
		<IE>9999999999</IE>
		<CRT>3</CRT>
		<enderEmit>
			<xLgr>LOGRADOURO</xLgr>
			<nro>1700</nro>
			<xCpl>ANDAR 02</xCpl>
			<xBairro>BAIRRO</xBairro>
			<cMun>4321808</cMun>
			<xMun>ENCANTADO</xMun>
			<UF>RS</UF>
			<CEP>95960000</CEP>
			<cPais>1058</cPais>
			<xPais>BRASIL</xPais>
			<fone>5137513322</fone>
			<fax>3335354830</fax>
		</enderEmit>
	</emit>
	<dest>
		<CNPJ_dest>99999999999999</CNPJ_dest>
		<xNome_dest>NF-E EMITIDA EM AMBIENTE DE HOMOLOGACAO - SEM VALOR FISCAL</xNome_dest>
		<indIEDest>2</indIEDest>
		<enderDest>
			<nro_dest>67</nro_dest>
			<xCpl_dest>CENTRO</xCpl_dest>
			<xBairro_dest>CENTRO</xBairro_dest>
			<xEmail_dest>email@gmail.com</xEmail_dest>
			<xLgr_dest>LOGRADOURO</xLgr_dest>
			<xPais_dest>Brasil</xPais_dest>
			<cMun_dest>4309605</cMun_dest>
			<xMun_dest>CONTAGEM</xMun_dest>
			<UF_dest>RS</UF_dest>
			<CEP_dest>32145900</CEP_dest>
			<cPais_dest>1058</cPais_dest>
			<fone_dest>5535485105</fone_dest>
		</enderDest>
	</dest>
	<autXML>
		<autXMLItem>
			<CNPJ_aut>99999999999999</CNPJ_aut>
		</autXMLItem>
	</autXML>
	<det>
		<detItem>
			<prod>
				<cProd>45093812504843</cProd>
				<cEAN/>
				<xProd>MOTOCICLETA  MARCA HONDA, TIPO CB 300 R ANO DE FABRICACAO 2009 ANO MODELO 2010</xProd>
				<NCM>87112020</NCM>
				<EXTIPI>87</EXTIPI>
				<CFOP>5102</CFOP>
				<uCOM>BOT</uCOM>
				<qCOM>1.0000</qCOM>
				<vUnCom>9975.2100</vUnCom>
				<vProd>9975.21</vProd>
				<cEANTrib/>
				<uTrib>BOT</uTrib>
				<qTrib>1.00</qTrib>
				<vUnTrib>9975.21</vUnTrib>
				<vFrete>0.00</vFrete>
				<vSeg>0.00</vSeg>
				<vDesc>0.00</vDesc>
				<indTot>1</indTot>
				<nTipoItem>1</nTipoItem>
				<nRECOPI>123456</nRECOPI>
				<veicProd>
					<tpOp>1</tpOp>
					<chassi>9C2NC4310AR033234</chassi>
					<cCor>PRME</cCor>
					<xCor>PRATA METALICO</xCor>
					<pot>2600</pot>
					<cilin>0291</cilin>
					<PesoL>000000143</PesoL>
					<PesoB>000000175</PesoB>
					<nSerie>0AR033234</nSerie>
					<tpComb>02</tpComb>
					<nMotor>NC43E1A033234</nMotor>
					<CMT>00179.000</CMT>
					<dist>1402</dist>
					<anoMod>2010</anoMod>
					<anoFab>2009</anoFab>
					<tpPint>M</tpPint>
					<tpVeic>04</tpVeic>
					<espVeic>01</espVeic>
					<VIN>N</VIN>
					<condVeic>1</condVeic>
					<cMod>2710</cMod>
					<cCorDENATRAN>04</cCorDENATRAN>
					<lota>2</lota>
					<tpRest>0</tpRest>
				</veicProd>
			</prod>
			<imposto>
				<ICMS>
					<orig>0</orig>
					<CST>40</CST>
					<modBC>0</modBC>
					<vBC>0.00</vBC>
					<pICMS>0.00</pICMS>
					<vICMS_icms>0.00</vICMS_icms>
					<DigitacaoDescICMSDeson>false</DigitacaoDescICMSDeson>
					<pRedBC>0.00</pRedBC>
					<pBCOp>0.00</pBCOp>
					<pFCP>0.00</pFCP>
					<vFCP>0.00</vFCP>
					<vBCFCP>0.00</vBCFCP>
					<vBCFCPST>0.00</vBCFCPST>
					<pFCPST>0.00</pFCPST>
					<vFCPST>0.00</vFCPST>
					<pST>0.00</pST>
					<vBCFCPSTRet>0.00</vBCFCPSTRet>
					<pFCPSTRet>0.00</pFCPSTRet>
					<vFCPSTRet>0.00</vFCPSTRet>
				</ICMS>
				<PIS>
					<CST_pis>07</CST_pis>
				</PIS>
				<COFINS>
					<CST_cofins>07</CST_cofins>
				</COFINS>
			</imposto>
			<infADProd>COR PRATA METALICO GASOLINA, COM 26,5HP, 291 CC COM 0KM, PROCEDENCIA NACIONAL. |CHASSI: 9C2NC4310AR033234 MOTOR : NC43E1A033234 CLASS.FISCAL: 87113000 CODIGO RENAVAM: 2710 NFE:124933/1 de:22/09/2009</infADProd>
		</detItem>
	</det>
	<total>
		<ICMStot>
			<vBC_ttlnfe>00.00</vBC_ttlnfe>
			<vICMS_ttlnfe>00.00</vICMS_ttlnfe>
			<vICMSDeson_ttlnfe>0.00</vICMSDeson_ttlnfe>
			<vBCST_ttlnfe>0.00</vBCST_ttlnfe>
			<vST_ttlnfe>0.00</vST_ttlnfe>
			<vProd_ttlnfe>9975.21</vProd_ttlnfe>
			<vFrete_ttlnfe>0</vFrete_ttlnfe>
			<vSeg_ttlnfe>0</vSeg_ttlnfe>
			<vDesc_ttlnfe>0</vDesc_ttlnfe>
			<vII_ttlnfe>0.00</vII_ttlnfe>
			<vIPI_ttlnfe>0</vIPI_ttlnfe>
			<vPIS_ttlnfe>0</vPIS_ttlnfe>
			<vCOFINS_ttlnfe>0</vCOFINS_ttlnfe>
			<vOutro>0</vOutro>
			<vNF>9975.21</vNF>
			<vFCP_ttlnfe>0.00</vFCP_ttlnfe>
			<vFCPST_ttlnfe>0.00</vFCPST_ttlnfe>
			<vFCPSTRet_ttlnfe>0.00</vFCPSTRet_ttlnfe>
			<vIPIDevol_ttlnfe>0.00</vIPIDevol_ttlnfe>
		</ICMStot>
	</total>
	<transp>
		<modFrete>9</modFrete>
		<veicTransp>
			<placa>IDN1565</placa>
			<UF_veictransp>RS</UF_veictransp>
			<RNTC>00811004</RNTC>
		</veicTransp>
		<reboque>
			<reboqueItem>
				<placa_rebtransp>CHI488</placa_rebtransp>
				<UF_rebtransp>RS</UF_rebtransp>
				<RNTC_rebtransp>00811004</RNTC_rebtransp>
			</reboqueItem>
			<reboqueItem>
				<placa_rebtransp>CH4985</placa_rebtransp>
				<UF_rebtransp>RS</UF_rebtransp>
				<RNTC_rebtransp>00811004</RNTC_rebtransp>
			</reboqueItem>
		</reboque>
	</transp>
	<pag>
		<pagItem>
			<tPag>01</tPag>
			<vPag>9975.21</vPag>
		</pagItem>
	</pag>
	<vTroco>0.00</vTroco>
	<infAdic>
		<infAdFisco>INFORMACOES DE INTERESSE DO FISCO</infAdFisco>
		<infCpl>INFORMACOES COMPLEMENTARES</infCpl>
	</infAdic>
</Envio>