<Envio>
	<ModeloDocumento>NFe</ModeloDocumento>
	<Versao>4.00</Versao>
	<ide>
		<cUF>43</cUF>
		<natOp>NFE CST 00</natOp>
		<mod>55</mod>
		<serie>309</serie>
		<nNF>663</nNF>
		<dhEmi>2018-08-20T16:27:00</dhEmi>
		<fusoHorario>-03:00</fusoHorario>
		<tpNf>1</tpNf>
		<idDest>2</idDest>
		<indFinal>1</indFinal>
		<indPres>1</indPres>
		<cMunFg>4321808</cMunFg>
		<tpImp>1</tpImp>
		<tpEmis>1</tpEmis>
		<tpAmb>2</tpAmb>
		<finNFe>1</finNFe>
	</ide>
	<emit>
		<CNPJ_emit>99999999999999</CNPJ_emit>
		<xNome>MIGRATE COMPANY SISTEMAS DE INFORMACAO</xNome>
		<xFant>EMPRESA DE TESTE</xFant>
		<IE>9999999999</IE>
		<CRT>3</CRT>
		<enderEmit>
			<xLgr>RUA AGOSTINHO COSTI</xLgr>
			<nro>1700</nro>
			<xCpl>ANDAR 02</xCpl>
			<xBairro>BARRA DO JACARE</xBairro>
			<cMun>4321808</cMun>
			<xMun>ENCANTADO</xMun>
			<UF>RS</UF>
			<CEP>95960000</CEP>
			<cPais>1058</cPais>
			<xPais>BRASIL</xPais>
			<fone>5137513322</fone>
			<Email>email@email.com.br</Email>
		</enderEmit>
	</emit>
	<dest>
		<CNPJ_dest>99999999999999</CNPJ_dest>
		<xNome_dest>NF-E EMITIDA EM AMBIENTE DE HOMOLOGACAO - SEM VALOR FISCAL</xNome_dest>
		<indIEDest>9</indIEDest>
		<enderDest>
			<nro_dest>67</nro_dest>
			<xCpl_dest>CENTRO</xCpl_dest>
			<xBairro_dest>KENNEDY</xBairro_dest>
			<xEmail_dest>email@email.com</xEmail_dest>
			<xLgr_dest>ROD BR 040 KM 688 AREA ESPECIAL 11</xLgr_dest>
			<xPais_dest>Brasil</xPais_dest>
			<cMun_dest>3118601</cMun_dest>
			<xMun_dest>CONTAGEM</xMun_dest>
			<UF_dest>MG</UF_dest>
			<CEP_dest>32145900</CEP_dest>
			<cPais_dest>1058</cPais_dest>
			<fone_dest>5535481105</fone_dest>
		</enderDest>
	</dest>
	<det>
		<detItem>
			<prod>
				<cProd>123456</cProd>
				<cEAN>SEM GTIN</cEAN>
				<xProd>MOTOCICLETA MARCA HONDA</xProd>
				<NCM>87112020</NCM>
				<EXTIPI>87</EXTIPI>
				<CFOP>6102</CFOP>
				<uCOM>BOT</uCOM>
				<qCOM>1.00</qCOM>
				<vUnCom>100.00</vUnCom>
				<vProd>100.00</vProd>
				<cEANTrib>SEM GTIN</cEANTrib>
				<uTrib>BOT</uTrib>
				<qTrib>1.00</qTrib>
				<vUnTrib>100.00</vUnTrib>
				<vFrete>0.00</vFrete>
				<vSeg>0.00</vSeg>
				<vDesc>0.00</vDesc>
				<indTot>1</indTot>
				<nTipoItem>0</nTipoItem>
				<dProd>1</dProd>
			</prod>
			<imposto>
				<vTotTrib>100.00</vTotTrib>
				<ICMS>
					<orig>0</orig>
					<CST>40</CST>
					<modBC>3</modBC>
					<vBC>100.00</vBC>
					<pICMS>17.00</pICMS>
					<vICMS_icms>17.00</vICMS_icms>
					<modBCST>5</modBCST>
					<pMVAST>17.00</pMVAST>
					<pRedBCST>17.00</pRedBCST>
					<vBCST>100.00</vBCST>
					<pICMSST>17.00</pICMSST>
					<vICMSST_icms>17.00</vICMSST_icms>
					<pRedBC>17.00</pRedBC>
				</ICMS>
				<PIS>
					<CST_pis>07</CST_pis>
					<vBC_pis>100.00</vBC_pis>
					<pPIS>17.00</pPIS>
					<vPIS>17.00</vPIS>
				</PIS>
				<COFINS>
					<CST_cofins>07</CST_cofins>
					<vBC_cofins>100.00</vBC_cofins>
					<pCOFINS>17.00</pCOFINS>
					<vCOFINS>17.00</vCOFINS>
				</COFINS>
				<ICMSUFDest>
					<vBCUFDest>12.00</vBCUFDest>
					<pFCPUFDest>1.89</pFCPUFDest>
					<pICMSUFDest>3.00</pICMSUFDest>
					<pICMSInter>12.00</pICMSInter>
					<pICMSInterPart>80.00</pICMSInterPart>
					<vFCPUFDest>18.90</vFCPUFDest>
					<vICMSUFDest>15.00</vICMSUFDest>
					<vICMSUFRemet>13.00</vICMSUFRemet>
					<vBCFCPUFDest>1000.00</vBCFCPUFDest>
				</ICMSUFDest>
			</imposto>
		</detItem>
	</det>
	<total>
		<ICMStot>
			<vBC_ttlnfe>0.00</vBC_ttlnfe>
			<vICMS_ttlnfe>0.00</vICMS_ttlnfe>
			<vICMSDeson_ttlnfe>0.00</vICMSDeson_ttlnfe>
			<vBCST_ttlnfe>0.00</vBCST_ttlnfe>
			<vST_ttlnfe>0.00</vST_ttlnfe>
			<vProd_ttlnfe>100.00</vProd_ttlnfe>
			<vFrete_ttlnfe>0.00</vFrete_ttlnfe>
			<vSeg_ttlnfe>0.00</vSeg_ttlnfe>
			<vDesc_ttlnfe>0.00</vDesc_ttlnfe>
			<vII_ttlnfe>0.00</vII_ttlnfe>
			<vIPI_ttlnfe>0</vIPI_ttlnfe>
			<vPIS_ttlnfe>0</vPIS_ttlnfe>
			<vCOFINS_ttlnfe>0</vCOFINS_ttlnfe>
			<vOutro>0.00</vOutro>
			<vNF>100.00</vNF>
			<vTotTrib_ttlnfe>100.00</vTotTrib_ttlnfe>
			<vFCPUFDest_ttlnfe>18.90</vFCPUFDest_ttlnfe>
			<vICMSUFDest_ttlnfe>15.00</vICMSUFDest_ttlnfe>
			<vICMSUFRemet_ttlnfe>13.00</vICMSUFRemet_ttlnfe>
		</ICMStot>
	</total>
	<transp>
		<modFrete>1</modFrete>
	</transp>
	<pag>
		<pagItem>
			<tPag>01</tPag>
			<vPag>100.00</vPag>
		</pagItem>
	</pag>
</Envio>