<Envio>
	<ModeloDocumento>NFe</ModeloDocumento>
	<Versao>4.00</Versao>
	<ide>
		<cUF>43</cUF>
		<natOp>NFE CST 00</natOp>
		<mod>55</mod>
		<serie>20</serie>
		<nNF>211</nNF>
		<dhEmi>2017-07-21T08:36:00</dhEmi>
		<fusoHorario>-03:00</fusoHorario>
		<tpNf>1</tpNf>
		<idDest>1</idDest>
		<indFinal>0</indFinal>
		<indPres>0</indPres>
		<cMunFg>4321808</cMunFg>
		<tpImp>1</tpImp>
		<tpEmis>1</tpEmis>
		<tpAmb>2</tpAmb>
		<finNFe>1</finNFe>
	</ide>
	<emit>
		<CNPJ_emit>99999999999999</CNPJ_emit>
		<xNome>EMPRESA</xNome>
		<xFant>EMPRESA DE TESTE</xFant>
		<IM>1234567</IM>
		<IE>1234567891</IE>
		<CRT>3</CRT>
		<enderEmit>
			<xLgr>RUA AGOSTINHO </xLgr>
			<nro>1700</nro>
			<xCpl>ANDAR 02</xCpl>
			<xBairro>BARRA</xBairro>
			<cMun>4321808</cMun>
			<xMun>ENCANTADO</xMun>
			<UF>RS</UF>
			<CEP>95960000</CEP>
			<cPais>1058</cPais>
			<xPais>Brasil</xPais>
			<fone>5535354830</fone>
			<Email>email@email.com.br</Email>
		</enderEmit>
	</emit>
	<dest>
		<CNPJ_dest>99999999999999</CNPJ_dest>
		<xNome_dest>NF-E EMITIDA EM AMBIENTE DE HOMOLOGACAO - SEM VALOR FISCAL</xNome_dest>
		<indIEDest>2</indIEDest>
		<enderDest>
			<nro_dest>67</nro_dest>
			<xCpl_dest>CENTRO</xCpl_dest>
			<xBairro_dest>BAIRRO</xBairro_dest>
			<xEmail_dest>email@email.com</xEmail_dest>
			<xLgr_dest>RODOVIA</xLgr_dest>
			<xPais_dest>Brasil</xPais_dest>
			<cMun_dest>4309605</cMun_dest>
			<xMun_dest>ENCANTADO</xMun_dest>
			<UF_dest>RS</UF_dest>
			<CEP_dest>98910000</CEP_dest>
			<cPais_dest>1058</cPais_dest>
			<fone_dest>5535354854</fone_dest>
		</enderDest>
	</dest>
	<det>
		<detItem>
			<prod>
				<cProd>00009</cProd>
				<cEAN>SEM GTIN</cEAN>
				<xProd>01 GLP ACOND EM BOTIJAO DE 02KG</xProd>
				<NCM>87112020</NCM>
				<CFOP>5102</CFOP>
				<uCOM>BOT</uCOM>
				<qCOM>1.0000</qCOM>
				<vUnCom>100.00</vUnCom>
				<vProd>100.00</vProd>
				<cEANTrib>SEM GTIN</cEANTrib>
				<uTrib>BOT</uTrib>
				<qTrib>1.00</qTrib>
				<vUnTrib>100.00</vUnTrib>
				<indTot>1</indTot>
				<nTipoItem>0</nTipoItem>
				<nRECOPI>123456</nRECOPI>
			</prod>
			<imposto>
				<ICMS>
					<orig>0</orig>
					<CST>40</CST>
				</ICMS>
				<PIS>
					<CST_pis>07</CST_pis>
				</PIS>
				<COFINS>
					<CST_cofins>07</CST_cofins>
				</COFINS>
			</imposto>
		</detItem>
		<detItem>
			<prod>
				<cProd>00045</cProd>
				<cEAN>SEM GTIN</cEAN>
				<xProd>SERVICO</xProd>
				<NCM>87112020</NCM>
				<CFOP>5102</CFOP>
				<uCOM>BOT</uCOM>
				<qCOM>1.0000</qCOM>
				<vUnCom>200.00</vUnCom>
				<vProd>200.00</vProd>
				<cEANTrib>SEM GTIN</cEANTrib>
				<uTrib>BOT</uTrib>
				<qTrib>1.00</qTrib>
				<vUnTrib>200.00</vUnTrib>
				<indTot>0</indTot>
				<nTipoItem>5</nTipoItem>
				<nRECOPI>123456</nRECOPI>
			</prod>
			<imposto>
				<ISSQN>
					<vBC_issqn>100.00</vBC_issqn>
					<vAliq>17.00</vAliq>
					<vISSQN>17.00</vISSQN>
					<cMunFg_issqn>4304309</cMunFg_issqn>
					<cListServ>14.01</cListServ>
					<indISSRet>2</indISSRet>
					<indISS>3</indISS>
					<indIncentivo>2</indIncentivo>
				</ISSQN>
				<PIS>
					<CST_pis>07</CST_pis>
				</PIS>
				<COFINS>
					<CST_cofins>07</CST_cofins>
				</COFINS>
			</imposto>
		</detItem>
	</det>
	<total>
		<ICMStot>
			<vBC_ttlnfe>00.00</vBC_ttlnfe>
			<vICMS_ttlnfe>00.00</vICMS_ttlnfe>
			<vICMSDeson_ttlnfe>0.00</vICMSDeson_ttlnfe>
			<vBCST_ttlnfe>0.00</vBCST_ttlnfe>
			<vST_ttlnfe>0.00</vST_ttlnfe>
			<vProd_ttlnfe>100.00</vProd_ttlnfe>
			<vFrete_ttlnfe>0</vFrete_ttlnfe>
			<vSeg_ttlnfe>0</vSeg_ttlnfe>
			<vDesc_ttlnfe>0</vDesc_ttlnfe>
			<vII_ttlnfe>0.00</vII_ttlnfe>
			<vIPI_ttlnfe>0</vIPI_ttlnfe>
			<vPIS_ttlnfe>0</vPIS_ttlnfe>
			<vCOFINS_ttlnfe>0</vCOFINS_ttlnfe>
			<vOutro>0</vOutro>
			<vNF>300.00</vNF>
		</ICMStot>
		<ISSQNtot>
			<vServ>200.00</vServ>
			<vBC_ttlnfe_iss>100.00</vBC_ttlnfe_iss>
			<vISS>17.00</vISS>
			<dCompet>2014-12-03</dCompet>
		</ISSQNtot>
	</total>
	<transp>
		<modFrete>1</modFrete>
	</transp>
	<pag>
		<pagItem>
			<tPag>01</tPag>
			<vPag>300.00</vPag>
		</pagItem>
	</pag>
	<vTroco>0.50</vTroco>
	<infAdic>
		<infCpl>TESTE</infCpl>
	</infAdic>
</Envio>