<Envio>
	<ModeloDocumento/>
	<Versao/>
	<ChaveParceiro/>
	<ChaveAcesso/>
	<Imprimir/>
	<ApelidoImpressora/>
	<ide>
		<cNF/>
		<cUF/>
		<natOp/>
		<mod/>
		<serie/>
		<nNF/>
		<dhEmi/>
		<fusoHorario/>
		<dhSaiEnt/>
		<tpNf/>
		<idDest/>
		<indFinal/>
		<indPres/>
		<cMunFg/>
		<tpImp/>
		<tpEmis/>
		<tpAmb/>
		<xJust/>
		<dhCont/>
		<finNFe/>
		<EmailArquivos/>
		<NFRef>
			<NFRefItem>
				<refNFe/>
				<cUF_refNFE/>
				<AAMM/>
				<CNPJ/>
				<CPF/>
				<mod_refNFE/>
				<serie_refNFE/>
				<nNF_refNFE/>
				<IE_refNFP/>
				<RefCte/>
				<mod_refECF/>
				<nECF_refECF/>
				<nCOO_refECF/>
			</NFRefItem>
		</NFRef>
	</ide>
	<emit>
		<CNPJ_emit/>
		<xNome/>
		<xFant/>
		<IM/>
		<CNAE/>
		<IE/>
		<IEST/>
		<CRT/>
		<enderEmit>
			<xLgr/>
			<nro/>
			<xCpl/>
			<xBairro/>
			<cMun/>
			<xMun/>
			<UF/>
			<CEP/>
			<cPais/>
			<xPais/>
			<fone/>
			<fax/>
			<Email/>
		</enderEmit>
	</emit>
	<dest>
		<CNPJ_dest/>
		<xNome_dest/>
		<IE_dest/>
		<ISUF/>
		<indIEDest/>
		<IM_dest/>
		<enderDest>
			<nro_dest/>
			<xCpl_dest/>
			<xBairro_dest/>
			<xEmail_dest/>
			<xLgr_dest/>
			<xPais_dest/>
			<cMun_dest/>
			<xMun_dest/>
			<UF_dest/>
			<CEP_dest/>
			<cPais_dest/>
			<fone_dest/>
		</enderDest>
	</dest>
	<retirada>
		<CNPJ_ret/>
		<xLgr_ret/>
		<nro_ret/>
		<xCpl_ret/>
		<xBairro_ret/>
		<xMun_ret/>
		<cMun_ret/>
		<UF_ret/>
	</retirada>
	<entrega>
		<CNPJ_entr/>
		<xLgr_entr/>
		<nro_entr/>
		<xCpl_entr/>
		<xBairro_entr/>
		<cMun_entr/>
		<xMun_entr/>
		<UF_entr/>
	</entrega>
	<autXML>
		<autXMLItem />
	</autXML>
	<det>
		<detItem>
			<infADProd/>
			<prod>
				<cProd/>
				<cEAN/>
				<xProd/>
				<NCM/>
				<EXTIPI/>
				<CFOP/>
				<uCOM/>
				<qCOM/>
				<vUnCom/>
				<vProd/>
				<cEANTrib/>
				<uTrib/>
				<qTrib/>
				<vUnTrib/>
				<vFrete/>
				<vSeg/>
				<vDesc/>
				<vOutro_item/>
				<indTot/>
				<nTipoItem/>
				<dProd/>
				<xPed_item/>
				<nItemPed/>
				<nFCI/>
				<nRECOPI/>
				<CEST/>
				<indEscala/>
				<CNPJFab/>
				<cBenef/>
				<NVEs>
					<NVEsItem>
						<cNVE/>
					</NVEsItem>
				</NVEs>
				<detDI>
					<detDIItem>
						<nDI/>
						<dDi/>
						<xLocDesemb/>
						<UFDesemb/>
						<cExportador/>
						<dDesemb/>
						<tpViaTransp/>
						<vAFRMM/>
						<tpIntermedio/>
						<CNPJ_adq/>
						<UFTerceiro/>
						<detAdicoes>
							<detAdicoesItem>
								<nAdicao/>
								<nSeqAdic/>
								<cFabricante/>
								<vDescDI/>
								<nDrawAdicoes/>
							</detAdicoesItem>
						</detAdicoes>
					</detDIItem>
				</detDI>
				<detExport>
					<detExportItem>
						<nDraw/>
						<exportInd>
							<nRE/>
							<chNFe/>
							<qExport/>
						</exportInd>
					</detExportItem>
				</detExport>
				<veicProd>
					<tpOp/>
					<chassi/>
					<cCor/>
					<xCor/>
					<pot/>
					<cilin/>
					<PesoL/>
					<PesoB/>
					<nSerie/>
					<tpComb/>
					<nMotor/>
					<CMT/>
					<dist/>
					<anoMod/>
					<anoFab/>
					<tpPint/>
					<tpVeic/>
					<espVeic/>
					<VIN/>
					<condVeic/>
					<cMod/>
					<cCorDENATRAN/>
					<lota/>
					<tpRest/>
				</veicProd>
				<med>
					<medItem>
						<vPMC/>
						<cProdANVISA/>
					</medItem>
				</med>
				<arma>
					<armaItem>
						<tpArma/>
						<nSerie_arma/>
						<nCano/>
						<descr/>
					</armaItem>
				</arma>
				<comb>
					<cProdANP/>
					<CODIF/>
					<qTemp/>
					<Ufcons/>
					<descANP/>
					<pGLP/>
					<pGNn/>
					<pGNi/>
					<vPart/>
					<CIDE>
						<qBCprod/>
						<vAliqProd/>
						<vCIDE/>
					</CIDE>
					<Encerrante>
						<nBico/>
						<nBomba/>
						<nTanque/>
						<vEncerranteIni/>
						<vEncerranteFim />
					</Encerrante>
				</comb>
				<Rastro>
					<RastroItem>
						<nLote/>
						<qLote/>
						<dFab/>
						<dVal/>
						<cAgreg/>
					</RastroItem>
				</Rastro>
			</prod>
			<imposto>
				<vTotTrib/>
				<ICMS>
					<orig/>
					<CST/>
					<modBC/>
					<vBC/>
					<pICMS/>
					<vICMS_icms/>
					<modBCST/>
					<pMVAST/>
					<pRedBCST/>
					<vBCST/>
					<vBCSTRet/>
					<pICMSST/>
					<vICMSST_icms/>
					<vICMSSTRet/>
					<pRedBC/>
					<motDesICMS/>
					<DigitacaoDescICMSDeson/>
					<vICMSDeson/>
					<vICMSOp/>
					<pDif/>
					<vICMSDif/>
					<pBCOp/>
					<UFST/>
					<vBCSTDest/>
					<vICMSSTDest_icms/>
					<pCredSN/>
					<vCredICMSSN/>
					<pFCP/>
					<vFCP/>
					<vBCFCP/>
					<vBCFCPST/>
					<pFCPST/>
					<vFCPST/>
					<pST/>
					<vBCFCPSTRet/>
					<pFCPSTRet/>
					<vFCPSTRet/>
				</ICMS>
				<IPI>
					<clEnq/>
					<CNPJProd/>
					<cSelo/>
					<qSelo/>
					<cEnq/>
					<CSTIPI>
						<CST_IPI/>
						<vBC_IPI/>
						<qUnid_IPI/>
						<vUnid_IPI/>
						<pIPI/>
						<vIPI/>
					</CSTIPI>
				</IPI>
				<II>
					<vBC_imp/>
					<vDespAdu/>
					<vII/>
					<vIOF/>
				</II>
				<PIS>
					<CST_pis/>
					<vBC_pis/>
					<pPIS/>
					<vPIS/>
					<qBCprod_pis/>
					<vAliqProd_pis/>
				</PIS>
				<PISST>
					<vBC_pis_ST/>
					<pPIS_ST/>
					<qBCprod_pis_ST/>
					<vAliqProd_pis_ST/>
					<vPIS_ST/>
				</PISST>
				<COFINS>
					<CST_cofins/>
					<vBC_cofins/>
					<pCOFINS/>
					<vCOFINS/>
					<qBCProd_cofins/>
					<vAliqProd_cofins/>
				</COFINS>
				<COFINSST>
					<vBC_cofins_ST/>
					<pCOFINS_cofins_ST/>
					<qBCProd_cofins_ST/>
					<vAliqProd_cofins_ST/>
					<vCOFINS_cofins_ST/>
				</COFINSST>
				<ISSQN>
					<vBC_issqn/>
					<vAliq/>
					<vISSQN/>
					<cMunFg_issqn/>
					<cListServ/>
					<vDeducao/>
					<vOutro_issqn/>
					<vDescIncond/>
					<vDescCond/>
					<indISSRet/>
					<vISSRet/>
					<indISS/>
					<cServico/>
					<cMun_issqn/>
					<cPais_issqn/>
					<nProcesso/>
					<indIncentivo/>
				</ISSQN>
				<ICMSUFDest>
					<vBCUFDest/>
					<pFCPUFDest/>
					<pICMSUFDest/>
					<pICMSInter/>
					<pICMSInterPart/>
					<vFCPUFDest/>
					<vICMSUFDest/>
					<vICMSUFRemet/>
					<vBCFCPUFDest/>
				</ICMSUFDest>
			</imposto>
			<impostoDevol>
				<pDevol/>
				<IPIDevol>
					<vIPIDevol/>
				</IPIDevol>
			</impostoDevol>
		</detItem>
	</det>
	<total>
		<ICMStot>
			<vBC_ttlnfe/>
			<vICMS_ttlnfe/>
			<vICMSDeson_ttlnfe/>
			<vBCST_ttlnfe/>
			<vST_ttlnfe/>
			<vProd_ttlnfe/>
			<vFrete_ttlnfe/>
			<vSeg_ttlnfe/>
			<vDesc_ttlnfe/>
			<vII_ttlnfe/>
			<vIPI_ttlnfe/>
			<vPIS_ttlnfe/>
			<vCOFINS_ttlnfe/>
			<vOutro/>
			<vNF/>
			<vTotTrib_ttlnfe/>
			<vFCPUFDest_ttlnfe/>
			<vICMSUFDest_ttlnfe/>
			<vICMSUFRemet_ttlnfe/>
			<vFCP_ttlnfe/>
			<vFCPST_ttlnfe/>
			<vFCPSTRet_ttlnfe/>
			<vIPIDevol_ttlnfe/>
		</ICMStot>
		<ISSQNtot>
			<vServ/>
			<vBC_ttlnfe_iss/>
			<vISS/>
			<vPIS_servttlnfe/>
			<vCOFINS_servttlnfe/>
			<dCompet/>
			<vDeducao_servttlnfe/>
			<vOutro_servttlnfe/>
			<vDescIncond_servttlnfe/>
			<vDescCond_servttlnfe/>
			<vISSRet_servttlnfe/>
			<cRegTrib/>
		</ISSQNtot>
		<retTrib>
			<vRetPIS/>
			<vRetCOFINS_servttlnfe/>
			<vRetCSLL/>
			<vBCIRRF/>
			<vIRRF/>
			<vBCRetPrev/>
			<vRetPrev/>
		</retTrib>
	</total>
	<transp>
		<modFrete/>
		<balsa/>
		<transporta>
			<CNPJ_transp/>
			<xNome_transp/>
			<IE_transp/>
			<xEnder/>
			<xMun_transp/>
			<UF_transp/>
		</transporta>
		<retTransp>
			<vServ_transp/>
			<vBCRet/>
			<pICMSRet/>
			<vICMSRet/>
			<CFOP_transp/>
			<cMunFG_transp/>
		</retTransp>
		<veicTransp>
			<placa/>
			<UF_veictransp/>
			<RNTC/>
		</veicTransp>
		<reboque>
			<reboqueItem>
				<placa_rebtransp/>
				<UF_rebtransp/>
				<RNTC_rebtransp/>
			</reboqueItem>
		</reboque>
		<vol>
			<volItem>
				<qVol/>
				<esp/>
				<marca/>
				<nVol/>
				<pesoL_transp/>
				<pesoB_transp/>
				<lacres>
					<lacresItem>
						<nLacre/>
					</lacresItem>
				</lacres>
			</volItem>
		</vol>
	</transp>
	<cobr>
		<fat>
			<nFat/>
			<vOrig/>
			<vDesc_cob/>
			<vLiq/>
		</fat>
		<dup>
			<dupItem>
				<nDup/>
				<dVenc/>
				<vDup/>
			</dupItem>
		</dup>
	</cobr>
	<pag>
		<pagItem>
			<tPag/>
			<vPag/>
			<card>
				<tipoIntegracao/>
				<CNPJ_card/>
				<tBand/>
				<cAut/>
			</card>
		</pagItem>
	</pag>
	<vTroco/>
	<infAdic>
		<infAdFisco/>
		<infCpl/>
		<obsCont>
			<obsContItem>
				<xCampo/>
				<xTexto/>
			</obsContItem>
		</obsCont>
		<procRef>
			<procRefItem>
				<nProc/>
				<indProc/>
			</procRefItem>
		</procRef>
	</infAdic>
	<infSuplem>
		<qrCode/>
		<urlChave/>
	</infSuplem>
	<exporta>
		<UFEmbarq/>
		<xLocEmbarq/>
		<xLocDespacho/>
	</exporta>
	<compra>
		<xNEmp/>
		<xPed/>
		<xCont/>
	</compra>
	<cana>
		<safra/>
		<ref/>
		<qTotMes/>
		<qTotAnt/>
		<qTotGer/>
		<vFor/>
		<vTotDed/>
		<vLiqFor/>
		<canaDiario>
			<DiarioItem>
				<dia/>
				<qtde/>
			</DiarioItem>
		</canaDiario>
		<canaDeducoes>
			<DeducoesItem>
				<xDed/>
				<vDed/>
			</DeducoesItem>
		</canaDeducoes>
	</cana>
</Envio>