[
    {
        "ModeloDocumento": "NFe",
        "Versao": 4.00,
        "Evento": {
            "NtfCnpjEmissor": "06354976000149",
            "NtfNumero": 26,
            "NtfSerie": "245",
            "tpAmb": 2,
            "EveInf": {
                "EveDh": "2021-02-23T09:45:00",
                "EveFusoHorario": "-03:00",
                "EveTp": 110110,
                "EvenSeq": "1",
                "Evedet": {
                    "EveDesc": "Carta de Correcao",
                    "EveCorrecao": "No campo descrição do produto, Onde se lê: ANO MODELO 2010 Leia-se: ANO MODELO 2015.",
                    "EveCondUso": "A Carta de Correcao e disciplinada pelo paragrafo 1o-A do art. 7o do Convenio S/N, de 15 de dezembro de 1970 e pode ser utilizada para regularizacao de erro ocorrido na emissao de documento fiscal, desde que o erro nao esteja relacionado com: I - as variaveis que determinam o valor do imposto tais como: base de calculo, aliquota, diferenca de preco, quantidade, valor da operacao ou da prestacao; II - a correcao de dados cadastrais que implique mudanca do remetente ou do destinatario; III - a data de emissao ou de saida."
                }
            }
        }
    }
]