<Envio>
	<ModeloDocumento>NFSE</ModeloDocumento>
	<Versao>1.00</Versao>
	<RPS>
		<RPSNumero>200000000001115</RPSNumero>
		<RPSSerie>900</RPSSerie>
		<RPSTipo>1</RPSTipo>
		<IDUnico></IDUnico>
		<dEmis>2022-12-21T13:22:01</dEmis>
		<dCompetencia>2022-12-21T00:00:00</dCompetencia>
		<LocalPrestServ>1</LocalPrestServ>
		<natOp>1</natOp>
		<Operacao>A</Operacao>
		<NumProcesso/>
		<benefIdNac/>
		<benefNumero/>
		<RegEspTrib>1</RegEspTrib>
		<OptSN>2</OptSN>
		<regApTribSN/>
		<IncCult>2</IncCult>
		<tpImunidade/>
		<tpSusp/>
		<Status>1</Status>
		<cVerificaRPS/>
		<EmpreitadaGlobal/>
		<tpAmb>2</tpAmb>
		<RPSSubs>
			<SubsNumero/>
			<SubsSerie/>
			<SubsTipo/>
			<SubsNFSeNumero/>
			<SubsDEmisNFSe/>
			<SubsChave/>
			<SubsCodMotivo/>
			<SubsDescMotivo/>
		</RPSSubs>
		<Prestador>
			<CNPJ_prest>99999999999999</CNPJ_prest>
			<xNome>MIGRATE LTDA</xNome>
			<xFant>MIGRATE</xFant>
			<IM>12345678</IM>
			<IE/>
			<CMC>0</CMC>
			<CAEPF/>
			<enderPrest>
				<TPEnd>RUA</TPEnd>
				<xLgr>RUA PE CACIQUE</xLgr>
				<nro>985</nro>
				<xCpl>2 ANDAR</xCpl>
				<xBairro>CENTRO</xBairro>
				<cMun>1400159</cMun>
				<UF>RR</UF>
				<CEP>98910000</CEP>
				<fone>5535354830</fone>
				<Email/>
			</enderPrest>
		</Prestador>
		<ListaItens>
			<Item>
				<ItemSeq>1</ItemSeq>
				<ItemCod>1</ItemCod>
				<ItemDesc/>
				<ItemQtde>1</ItemQtde>
				<ItemvUnit>45.00</ItemvUnit>
				<ItemuMed>UN</ItemuMed>
				<ItemvlDed/>
				<ItemTributavel/>
				<ItemcCnae/>
				<ItemTributMunicipio/>
				<ItemnAlvara/>
				<ItemvIss>0.90</ItemvIss>
				<ItemvDesconto>0.00</ItemvDesconto>
				<ItemAliquota>0.000000</ItemAliquota>
				<ItemVlrTotal/>
				<ItemBaseCalculo>45.00</ItemBaseCalculo>
				<ItemvlrISSRetido/>
				<ItemIssRetido>2</ItemIssRetido>
				<ItemRespRetencao/>
				<ItemIteListServico/>
				<itemCodTributNacional/>
				<ItemExigibilidadeISS>1</ItemExigibilidadeISS>
				<ItemcMunIncidencia>1400159</ItemcMunIncidencia>
				<ItemNumProcesso/>
				<ItemDedTipo/>
				<ItemDedCPFRef/>
				<ItemDedCNPJRef/>
				<ItemDedNFRef/>
				<ItemDedvlTotRef/>
				<ItemDedPer/>
				<ItemDedValor/>
				<ItemVlrLiquido/>
				<ItemValAliqINSS>0.0000</ItemValAliqINSS>
				<ItemValINSS/>
				<ItemValBCINSS/>
				<ItemValAliqIR>0.0000</ItemValAliqIR>
				<ItemValIR/>
				<ItemValBCIRRF/>
				<ItemValAliqCOFINS>0.0000</ItemValAliqCOFINS>
				<ItemValCOFINS/>
				<ItemValBCCOFINS/>
				<ItemValAliqCSLL>0.0000</ItemValAliqCSLL>
				<ItemValCSLL/>
				<ItemValBCCSLL/>
				<ItemValAliqPIS>0.0000</ItemValAliqPIS>
				<ItemValPIS/>
				<ItemValBCPIS/>
				<ItemRedBC/>
				<ItemRedBCRetido/>
				<ItemBCRetido/>
				<ItemValAliqISSRetido/>
				<ItemPaisImpDevido/>
				<ItemCST/>
				<ItemJustDed/>
				<ItemvOutrasRetencoes/>
				<ItemDescIncondicionado/>
				<ItemDescCondicionado/>
				<ItemTotalAproxTribServ/>
				<ItemDescHospedagem/>
				<ItemQtdeHospedes/>
				<ItemQtdeDiariasHospedagem/>
				<ItemCodQuartoHospedagem/>
				<ItemDtaEntrHospedagem/>
				<ItemDtaSaiHospedagem/>
				<ItemValorDiariaHospedagem/>
			</Item>
		</ListaItens>
		<ListaParcelas>
			<PrcSequencial></PrcSequencial>
			<PrcValor></PrcValor>
			<PrcDtaVencimento></PrcDtaVencimento>
			<PrcNroFatura></PrcNroFatura>
			<PrcTipVenc></PrcTipVenc>
			<PrcDscTipVenc></PrcDscTipVenc>
			<PrcValLiquido></PrcValLiquido>
			<PrcValDesconto></PrcValDesconto>
		</ListaParcelas>
		<Servico>
			<Valores>
				<ValServicos>45.00</ValServicos>
				<ValPercDeducoes/>
				<ValDeducoes/>
				<ValPIS/>
				<ValBCPIS/>
				<ValCOFINS/>
				<ValBCCOFINS/>
				<ValINSS/>
				<ValBCINSS/>
				<ValIR/>
				<ValBCIRRF/>
				<ValCSLL/>
				<ValBCCSLL/>
				<RespRetencao/>
				<Tributavel/>
				<ValISS>0.90</ValISS>
				<ISSRetido>2</ISSRetido>
				<ValISSRetido/>
				<ValTotal/>
				<ValTotalRecebido/>
				<ValBaseCalculo>45.00</ValBaseCalculo>
				<ValOutrasRetencoes/>
				<ValAliqISS>0.000000</ValAliqISS>
				<ValAliqPIS>0.0000</ValAliqPIS>
				<PISRetido/>
				<ValAliqCOFINS>0.0000</ValAliqCOFINS>
				<COFINSRetido/>
				<ValAliqIR>0.0000</ValAliqIR>
				<IRRetido/>
				<ValAliqCSLL>0.0000</ValAliqCSLL>
				<CSLLRetido/>
				<ValAliqINSS>0.0000</ValAliqINSS>
				<INSSRetido/>
				<ValAliqCpp/>
				<CppRetido/>
				<ValCpp/>
				<OutrasRetencoesRetido/>
				<ValBCOutrasRetencoes/>
				<ValAliqOutrasRetencoes/>
				<ValAliqTotTributos/>
				<ValLiquido>45.00</ValLiquido>
				<ValDescIncond/>
				<ValDescCond/>
				<ValAcrescimos/>
				<ValAliqISSoMunic>0.0000</ValAliqISSoMunic>
				<InfValPIS/>
				<InfValCOFINS/>
				<ValLiqFatura/>
				<ValBCISSRetido/>
				<NroFatura/>
				<CargaTribValor/>
				<CargaTribPercentual/>
				<CargaTribFonte/>
				<JustDed/>
				<ValCredito/>
				<OutrosImp/>
				<ValRedBC/>
				<ValRetFederais/>
				<ValAproxTrib/>
				<NroDeducao/>
				<mdPrestacao/>
				<vincPrest/>
				<tpMoeda/>
				<ValServEst/>
				<mecAFComexP/>
				<mecAFComexT/>
				<movTempBens/>
				<nDI/>
				<nRE/>
				<mdic/>
				<vRecebInterm/>
				<ValRedBenef/>
				<PercRedBenef/>
				<ValRetEstaduais/>
				<ValRetMunicipais/>
				<ValAliqRetFederais>1.00</ValAliqRetFederais>
				<ValAliqRetEstaduais>1.00</ValAliqRetEstaduais>
				<ValAliqRetMunicipais>1.00</ValAliqRetMunicipais>
			</Valores>
			<LocalPrestacao>
				<SerEndTpLgr/>
				<SerEndLgr/>
				<SerEndNumero/>
				<SerEndComplemento/>
				<SerEndBairro/>
				<SerEndxMun/>
				<SerEndcMun>1400159</SerEndcMun>
				<SerEndCep/>
				<SerEndSiglaUF/>
			</LocalPrestacao>
			<IteListServico/>
			<Cnae/>
			<fPagamento/>
			<tpag/>
			<codTributNacional>170801</codTributNacional>
			<TributMunicipio/>
			<TributMunicDesc/>
			<Discriminacao>ESTACIONAMENTO DE VEICULOS</Discriminacao>
			<cMun>1400159</cMun>
			<SerQuantidade/>
			<SerUnidade/>
			<SerNumAlvara/>
			<PaiPreServico/>
			<cMunIncidencia>1400159</cMunIncidencia>
			<dVencimento/>
			<ObsInsPagamento/>
			<ObrigoMunic/>
			<TributacaoISS/>
			<CodigoAtividadeEconomica/>
			<ServicoViasPublicas/>
			<NumeroParcelas/>
			<NroOrcamento/>
			<CodigoNBS/>
			<docRef/>
			<idDocTec/>
			<CST/>
		</Servico>
		<Tomador>
			<TomaCNPJ>99999999999999</TomaCNPJ>
			<TomaCPF/>
			<TomaIE/>
			<TomaIM>999999999</TomaIM>
			<TomaRazaoSocial>NFS-E EMITIDA EM AMBIENTE DE HOMOLOGACAO - SEM VALOR FISCAL</TomaRazaoSocial>
			<TomatpLgr>RUA GUARANI</TomatpLgr>
			<TomaEndereco>DO COMERCIO</TomaEndereco>
			<TomaNumero>3000</TomaNumero>
			<TomaComplemento>TERCEIRA QUADRA</TomaComplemento>
			<TomaBairro>ASA SUL</TomaBairro>
			<TomacMun>4317202</TomacMun>
			<TomaxMun>SANTA ROSA</TomaxMun>
			<TomaUF>RS</TomaUF>
			<TomaPais>BR</TomaPais>
			<TomaCEP>98700000</TomaCEP>
			<TomaTelefone>5535354800</TomaTelefone>
			<TomaTipoTelefone/>
			<TomaEmail/>
			<TomaSite/>
			<TomaIME/>
			<TomaSituacaoEspecial/>
			<DocTomadorEstrangeiro/>
			<TomaRegEspTrib/>
			<TomaCadastroMunicipio/>
			<TomaOrgaoPublico/>
			<TomaEnderecoInformado/>
			<TomaCAEPF/>
			<TomaExSemNIF/>
		</Tomador>
		<IntermServico>
			<IntermRazaoSocial/>
			<IntermCNPJ/>
			<IntermCPF/>
			<IntermNIF/>
			<IntermExSemNIF/>
			<IntermIM/>
			<IntermEmail/>
			<IntermEndereco/>
			<IntermNumero/>
			<IntermComplemento/>
			<IntermBairro/>
			<IntermCep/>
			<IntermCmun/>
			<IntermXmun/>
			<IntermFone/>
			<IntermIE/>
			<IntermPais/>
			<IntermUF/>
			<IntermCAEPF/>
		</IntermServico>
		<ConstCivil>
			<CodObra/>
			<Art/>
			<ObraLog/>
			<ObraCompl/>
			<ObraNumero/>
			<ObraBairro/>
			<ObraCEP/>
			<ObraMun/>
			<ObraUF/>
			<ObraPais/>
			<ObraCEI/>
			<ObraMatricula/>
			<ObraValRedBC/>
			<ObraTipo/>
			<ObraNomeFornecedor/>
			<ObraNumeroNF/>
			<ObraDataNF/>
			<ObraNumEncapsulamento/>
			<AbatimentoMateriais/>
			<ObraXMun/>
			<ListaMaterial>
				<Material>
					<MatCodigo></MatCodigo>
					<MatDescricao></MatDescricao>
					<MatUndMedCodigo></MatUndMedCodigo>
					<MatUndMedSigla></MatUndMedSigla>
					<MatQuantidade></MatQuantidade>
					<MatVlrTotal></MatVlrTotal>
					<MatValUni></MatValUni>
				</Material>
			</ListaMaterial>
		</ConstCivil>
		<ListaDed>
			<Ded>
				<DedSeq></DedSeq>
				<DedValPer></DedValPer>
				<DedTipo></DedTipo>
				<DedFornIM></DedFornIM>
				<DedCNPJRef></DedCNPJRef>
				<DedCPFRef></DedCPFRef>
				<DedFornNome></DedFornNome>
				<DedFornCEP></DedFornCEP>
				<DedForncMun></DedForncMun>
				<DedFornxMun></DedFornxMun>
				<DedFornUF></DedFornUF>
				<DedFornLogr></DedFornLogr>
				<DedFornNumero></DedFornNumero>
				<DedFornCompl></DedFornCompl>
				<DedFornBairro></DedFornBairro>
				<DedFornFone></DedFornFone>
				<DedFornEmail></DedFornEmail>
				<DedNifFornecedor></DedNifFornecedor>
				<DedForncExSemNIF></DedForncExSemNIF>
				<DedPaisFornecedor></DedPaisFornecedor>
				<DednNFRef></DednNFRef>
				<DedvlTotRef></DedvlTotRef>
				<DedUFNFe></DedUFNFe>
				<DedChaveAcesso></DedChaveAcesso>
				<DedChAcesNacional></DedChAcesNacional>
				<DedDEmis></DedDEmis>
				<DedPer></DedPer>
				<DedValor></DedValor>
				<DedQtde></DedQtde>
				<DedValUnit></DedValUnit>
				<DedDescricao></DedDescricao>
				<DedTipoItem></DedTipoItem>
				<DednNFSeRef></DednNFSeRef>
				<DedcVerificaNFSe></DedcVerificaNFSe>
				<DedcMunNFSe></DedcMunNFSe>
				<DedOutroDoc></DedOutroDoc>
				<DedOutroDocFisc></DedOutroDocFisc>
				<DedRedTipo></DedRedTipo>
				<DedRetxDesc></DedRetxDesc>
				<DedFornCAEPF></DedFornCAEPF>
			</Ded>
		</ListaDed>
		<Transportadora>
			<TraNome/>
			<TraCPFCNPJ/>
			<TraIE/>
			<TraPlaca/>
			<TraEnd/>
			<TraMun/>
			<TraUF/>
			<TraPais/>
			<TraTipoFrete/>
		</Transportadora>
		<Locacao>
			<LocacaoItem>
				<categServ/>
				<objetoLocacao/>
				<extensaoFerrovia/>
				<nPostes/>
			</LocacaoItem>
		</Locacao>
		<AtividadeEvento>
			<AtivDesc/>
			<AtivDataInicial/>
			<AtivDataFinal/>
			<AtivIdEvento/>
			<AtivEndLogradouro/>
			<AtivEndNumero/>
			<AtivEndCompl/>
			<AtivEndBairro/>
			<AtivEndCEP/>
			<AtivEndcMun/>
			<AtivEndxMun/>
			<AtivEndUf/>
		</AtividadeEvento>
		<Pedagio>
			<PedCategVeiculo/>
			<PednEixos/>
			<PedRodagem/>
			<PedSentido/>
			<PedPlaca/>
			<PedCodAcesso/>
			<PedCodContrato/>
		</Pedagio>
		<NFSOutrasinformacoes>Valor aproximado dos tributos: R$ 2.00</NFSOutrasinformacoes>
		<RPSCanhoto/>
		<Arquivo/>
		<ExtensaoArquivo/>
	</RPS>
</Envio>