<CadastroExportacaoRecorrente>
	<Acao>A</Acao>
	<Identificador>ee0000ca-0000-0000-00bd-f0a000e0df00</Identificador>
	<Responsavel>
		<CNPJ>99999999999999</CNPJ>
	</Responsavel>
	<Empresas>
		<CNPJ>
			<CNPJ>99999999999999</CNPJ>
			<CNPJ>99999999999999</CNPJ>
			<CNPJ>99999999999999</CNPJ>
		</CNPJ>
	</Empresas>
	<AgruparPorEmpresa>S</AgruparPorEmpresa>
	<Tipo>1</Tipo>
	<Status>
		<Pendente>S</Pendente>
		<Autorizado>S</Autorizado>
		<Cancelado>S</Cancelado>
		<Denegado>S</Denegado>
		<Encerrado>S</Encerrado>
		<Inutilizado>S</Inutilizado>
		<Rejeitado>S</Rejeitado>
		<PendenteAssinatura>S</PendenteAssinatura>
		<EPEC>S</EPEC>
		<AguardandoConsulta>S</AguardandoConsulta>
		<AguardandoCancelamento>S</AguardandoCancelamento>
		<ContigenciaOffline>S</ContigenciaOffline>
		<PendenteConsulta_EmProcessamento>S</PendenteConsulta_EmProcessamento>
		<EmConflito>N</EmConflito>
	</Status>
	<Modelo>
		<NFe>S</NFe>
		<NFCe>N</NFCe>
		<NFSe>S</NFSe>
		<CTe>N</CTe>
		<CFeSAT_MFe>N</CFeSAT_MFe>
		<MDFe>N</MDFe>
	</Modelo>
	<CNPJ/>
	<DocumentosAlteradosTela>N</DocumentosAlteradosTela>
	<Exportacao>
		<XML>S</XML>
		<MicrosoftExcel>
			<Excel>N</Excel>
			<Tipo>1</Tipo>
		</MicrosoftExcel>
	</Exportacao>
	<Email>teste@migrate.info</Email>
	<DiaExecucao>10</DiaExecucao>
	<QtdeRepeticao>99</QtdeRepeticao>
</CadastroExportacaoRecorrente>