<EnvioEvento>
	<ModeloDocumento>MDFe</ModeloDocumento>
	<Versao>3.00</Versao>
	<ChaveParceiro>Chave_Parceiro</ChaveParceiro>
	<ChaveAcesso>Chave_Acesso</ChaveAcesso>
	<Evento>
		<MdfCNPJEmissor>99999999999999</MdfCNPJEmissor>
		<MdfNumero>141</MdfNumero>
		<MdfSerie>261</MdfSerie>
		<tpAmb>2</tpAmb>
		<ChaAcesso>43210106354976000149582610000001411000088839</ChaAcesso>
		<EveInf>
			<EveDh>2021-01-12T08:23:00</EveDh>
			<EveFusoHorario>-03:00</EveFusoHorario>
			<EveTp>110111</EveTp>
			<EvenSeq>1</EvenSeq>
			<Evedet>
				<EvexJust>Cancelamento por informações incorretas</EvexJust>
				<EvenProt>943210000000463</EvenProt>
			</Evedet>
		</EveInf>
	</Evento>
</EnvioEvento>