<EnvioEvento>
	<ModeloDocumento>MDFe</ModeloDocumento>
	<Versao>3.00</Versao>
	<ChaveParceiro>Chave_parceiro</ChaveParceiro>
	<ChaveAcesso>Chave_acesso</ChaveAcesso>
	<Evento>
		<MdfCNPJEmissor>99999999999999</MdfCNPJEmissor>
		<MdfNumero>115</MdfNumero>
		<MdfSerie>261</MdfSerie>
		<tpAmb>2</tpAmb>
		<EveInf>
			<EveDh>2020-06-26T09:13:00</EveDh>
			<EveFusoHorario>-03:00</EveFusoHorario>
			<EveTp>110114</EveTp>
			<EvenSeq>1</EvenSeq>
			<Evedet>
				<EveNomeCondutor>Nome do Condutor</EveNomeCondutor>
				<EveCPFCondutor>99999999999</EveCPFCondutor>
			</Evedet>
		</EveInf>
	</Evento>
</EnvioEvento>