<EnvioEvento>
	<ModeloDocumento>NFe</ModeloDocumento>
	<Versao>4.00</Versao>
	<Evento>
		<NtfCnpjEmissor>99999999999999</NtfCnpjEmissor>
		<NtfNumero>10167999</NtfNumero>
		<NtfSerie>652</NtfSerie>
		<tpAmb>2</tpAmb>
		<EveInf>
			<EveDh>2024-04-15T10:18:21</EveDh>
			<EveFusoHorario>-03:00</EveFusoHorario>
			<EveTp>110193</EveTp>
			<EvenSeq>1</EvenSeq>
			<Evedet>
				<InsucessoEntrega>
					<nProtIE>123</nProtIE>
				</InsucessoEntrega>
			</Evedet>
		</EveInf>
	</Evento>
</EnvioEvento>