<EnvioEvento>
	<ModeloDocumento>NFe</ModeloDocumento>
	<Versao>4.00</Versao>
	<Evento>
		<NtfCnpjEmissor>99999999999999</NtfCnpjEmissor>
		<NtfNumero>5</NtfNumero>
		<NtfSerie>215</NtfSerie>
		<tpAmb>2</tpAmb>
		<EveInf>
			<EveDh>2017-07-20T11:02:00</EveDh>
			<EveFusoHorario>-03:00</EveFusoHorario>
			<EveTp>110110</EveTp>
			<EvenSeq>3</EvenSeq>
			<Evedet>
				<EveDesc>Carta de Correcao</EveDesc>
				<EveCorrecao>Aqui vai a correcao que voce esta fazendo. Descrever o que esta sendo corrigido.</EveCorrecao>
				<EveCondUso>A Carta de Correcao e disciplinada pelo paragrafo 1o-A do art. 7o do Convenio S/N, de 15 de dezembro de 1970 e pode ser utilizada para regularizacao de erro ocorrido na emissao de documento fiscal, desde que o erro nao esteja relacionado com: I - as variaveis que determinam o valor do imposto tais como: base de calculo, aliquota, diferenca de preco, quantidade, valor da operacao ou da prestacao; II - a correcao de dados cadastrais que implique mudanca do remetente ou do destinatario; III - a data de emissao ou de saida.</EveCondUso>
			</Evedet>
		</EveInf>
	</Evento>
</EnvioEvento>