<CadastroExportacaoRecorrente>
	<Acao>I</Acao>
	<Responsavel>
		<CNPJ>99999999999999</CNPJ>
	</Responsavel>
	<Empresas>
		<Todas>N</Todas>
		<CNPJ>
			<CNPJ>99999999999999</CNPJ>
			<CNPJ>99999999999999</CNPJ>
		</CNPJ>
	</Empresas>
	<AgruparPorEmpresa>S</AgruparPorEmpresa>
	<Tipo>2</Tipo>
	<Status>
		<Pendente>S</Pendente>
		<Autorizado>S</Autorizado>
		<Cancelado>S</Cancelado>
		<Denegado>S</Denegado>
		<Encerrado>S</Encerrado>
		<Inutilizado>S</Inutilizado>
		<Rejeitado>S</Rejeitado>
		<PendenteAssinatura>S</PendenteAssinatura>
		<EPEC>N</EPEC>
		<AguardandoConsulta>S</AguardandoConsulta>
		<AguardandoCancelamento>N</AguardandoCancelamento>
		<ContigenciaOffline>N</ContigenciaOffline>
		<PendenteConsulta_EmProcessamento>S</PendenteConsulta_EmProcessamento>
		<EmConflito>N</EmConflito>
	</Status>
	<Modelo>
		<NFe>S</NFe>
		<NFCe>N</NFCe>
		<NFSe>S</NFSe>
		<CTe>N</CTe>
		<CFeSAT_MFe>N</CFeSAT_MFe>
		<MDFe>N</MDFe>
	</Modelo>
	<CNPJ>99999999999999</CNPJ>
	<DocumentosAlteradosTela>N</DocumentosAlteradosTela>
	<Exportacao>
		<XML>S</XML>
		<MicrosoftExcel>
			<Excel>S</Excel>
			<Tipo>1</Tipo>
		</MicrosoftExcel>
	</Exportacao>
	<Email>teste@migrate.info</Email>
	<DiaExecucao>15</DiaExecucao>
	<QtdeRepeticao>2</QtdeRepeticao>
</CadastroExportacaoRecorrente>