<Envio>
	<ModeloDocumento>CTe</ModeloDocumento>
	<AcaoDigitacao>INS</AcaoDigitacao>
	<EmpCodigoDigitacao>1</EmpCodigoDigitacao>
	<Versao>3</Versao>
	<Parametros/>
	<ide>
		<cCT>3969</cCT>
		<cUF>43</cUF>
		<natOp>Transporte</natOp>
		<CFOP>5352</CFOP>
		<forPag>0</forPag>
		<mod>57</mod>
		<serie>15</serie>
		<nCT>63</nCT>
		<dhEmi>2023-05-22T16:43:22</dhEmi>
		<fusoHorario>-03:00</fusoHorario>
		<tpImp>1</tpImp>
		<tpEmis>1</tpEmis>
		<cDV>8</cDV>
		<tpAmb>2</tpAmb>
		<tpCTe>0</tpCTe>
		<procEmi>0</procEmi>
		<verProc>MigrateInvoiCy</verProc>
		<indGlobalizado>0</indGlobalizado>
		<cMunEnv>4321808</cMunEnv>
		<xMunEnv>TRÊS DE MAIO</xMunEnv>
		<UFEnv>RS</UFEnv>
		<modal>01</modal>
		<tpServ>0</tpServ>
		<cMunIni>4321808</cMunIni>
		<xMunIni>TRÊS DE MAIO</xMunIni>
		<UFIni>RS</UFIni>
		<cMunFim>4300554</cMunFim>
		<xMunFim>ALTO ALEGRE</xMunFim>
		<UFFim>RS</UFFim>
		<retira>1</retira>
		<dhEmiDigitacao>16/05/2023 16:53</dhEmiDigitacao>
		<indIEToma>9</indIEToma>
		<DocImpNSU>0</DocImpNSU>
		<tomador>
			<PesCodigo>741</PesCodigo>
			<toma>0</toma>
			<enderTomador>
				<cMun_toma>0</cMun_toma>
				<UFCodigoTomaDigitacao>0</UFCodigoTomaDigitacao>
				<cPais_toma>0</cPais_toma>
			</enderTomador>
		</tomador>
	</ide>
	<compl>
		<origCalc>TRÊS DE MAIO</origCalc>
		<destCalc>ALTO ALEGRE</destCalc>
		<fluxo/>
		<Entrega>
			<tpPer>0</tpPer>
			<tpHor>0</tpHor>
		</Entrega>
	</compl>
	<emit>
		<CNPJ_emit>06354976000149</CNPJ_emit>
		<IE>0018001360</IE>
		<xNome>MIGRATE COMPANY SISTEMAS DE INFORMACAO LTDA</xNome>
		<xFant>MIGRATE</xFant>
		<CRT>1</CRT>
		<enderEmit>
			<xLgr>RUA PE CACIQUE</xLgr>
			<nro>985</nro>
			<xCpl>2 ANDAR</xCpl>
			<xBairro>CENTRO</xBairro>
			<cMun>4321808</cMun>
			<xMun>TRÊS DE MAIO</xMun>
			<CEP>98910000</CEP>
			<UFCodigoDigitacao>43</UFCodigoDigitacao>
			<UF>RS</UF>
			<fone>5535354830</fone>
			<cPais>0</cPais>
			<Email>seu@email.com</Email>
		</enderEmit>
	</emit>
	<rem>
		<PesCodigo>741</PesCodigo>
		<DescricaoDigitacao>18719948000167-CT-E EMITIDO EM AMBIENTE DE HOMOLOGACAO - SEM VALOR FISCAL</DescricaoDigitacao>
		<CNPJ_rem>18719948000167</CNPJ_rem>
		<CPF_rem>00000000000</CPF_rem>
		<xNome_rem>CT-E EMITIDO EM AMBIENTE DE HOMOLOGACAO - SEM VALOR FISCAL</xNome_rem>
		<fone_rem>5535351111</fone_rem>
		<enderRem>
			<xLgr_rem>teste</xLgr_rem>
			<nro_rem>761</nro_rem>
			<xBairro_rem>centro</xBairro_rem>
			<cMun_rem>4321808</cMun_rem>
			<xMun_rem>TRÊS DE MAIO</xMun_rem>
			<CEP_rem>98910000</CEP_rem>
			<UF_rem>RS</UF_rem>
			<UFCodigoRemDigitacao>43</UFCodigoRemDigitacao>
			<cPais_rem>1058</cPais_rem>
			<xPais_rem>BRASIL</xPais_rem>
		</enderRem>
		<locColeta>
			<cMun_col>0</cMun_col>
		</locColeta>
	</rem>
	<exped>
		<PesCodigo>0</PesCodigo>
		<enderExped>
			<cMun_exp>0</cMun_exp>
			<UFCodigoExpedDigitacao>0</UFCodigoExpedDigitacao>
			<cPais_exp>0</cPais_exp>
		</enderExped>
	</exped>
	<receb>
		<PesCodigo>0</PesCodigo>
		<enderReceb>
			<cMun_rec>0</cMun_rec>
			<UFCodigoRecebDigitacao>0</UFCodigoRecebDigitacao>
			<cPais_rec>0</cPais_rec>
		</enderReceb>
	</receb>
	<dest>
		<PesCodigo>741</PesCodigo>
		<DescricaoDigitacao>18719948000167-CT-E EMITIDO EM AMBIENTE DE HOMOLOGACAO - SEM VALOR FISCAL</DescricaoDigitacao>
		<CNPJ_dest>18719948000167</CNPJ_dest>
		<xNome_dest>CT-E EMITIDO EM AMBIENTE DE HOMOLOGACAO - SEM VALOR FISCAL</xNome_dest>
		<fone_dest>5535351111</fone_dest>
		<DestinatarioDigitacao>18719948000167 - CT-E EMITIDO EM AMBIENTE DE HOMOLOGACAO - SEM VALOR FISCAL</DestinatarioDigitacao>
		<InicializouDestDigitacao>true</InicializouDestDigitacao>
		<enderDest>
			<xLgr_dest>teste</xLgr_dest>
			<nro_dest>761</nro_dest>
			<xBairro_dest>centro</xBairro_dest>
			<cMun_dest>4321808</cMun_dest>
			<xMun_dest>TRÊS DE MAIO</xMun_dest>
			<CEP_dest>98910000</CEP_dest>
			<UF_dest>RS</UF_dest>
			<UFCodigoDestDigitacao>43</UFCodigoDestDigitacao>
			<fone_dest>5535351111</fone_dest>
			<cPais_dest>1058</cPais_dest>
			<xPais_dest>BRASIL</xPais_dest>
		</enderDest>
		<locEnt>
			<PesCodigo>0</PesCodigo>
			<cMun_locEnt>0</cMun_locEnt>
		</locEnt>
	</dest>
	<vPrest>
		<vTPrest>10.00</vTPrest>
		<vRec>10.00</vRec>
	</vPrest>
	<imp>
		<vTotImp>0.00</vTotImp>
		<vTotTrib>0.00</vTotTrib>
		<ICMS>
			<CST>00</CST>
			<vBC>0.00</vBC>
			<pICMS>0</pICMS>
			<vICMS>0.00</vICMS>
			<pRedBC>0</pRedBC>
			<vBCSTRet>0.00</vBCSTRet>
			<vICMSSTRet>0.00</vICMSSTRet>
			<pICMSSTRet>0</pICMSSTRet>
			<vCred>0.00</vCred>
			<pRedBCOutraUF>0</pRedBCOutraUF>
			<vBCOutraUF>0.00</vBCOutraUF>
			<pICMSOutraUF>0</pICMSOutraUF>
			<vICMSOutraUF>0.00</vICMSOutraUF>
			<indSN>0</indSN>
		</ICMS>
		<ICMSUFFim>
			<vBCUFFim>0.00</vBCUFFim>
			<pFCPUFFim>0</pFCPUFFim>
			<pICMSUFFim>0</pICMSUFFim>
			<pICMSInter>0</pICMSInter>
			<pICMSInterPart>0</pICMSInterPart>
			<vFCPUFFim>0.00</vFCPUFFim>
			<vICMSUFIni>0.00</vICMSUFIni>
			<vICMSUFFim>0.00</vICMSUFFim>
		</ICMSUFFim>
	</imp>
	<infCTeNorm>
		<infCarga>
			<vMerc>10.00</vMerc>
			<proPred>Parafuso</proPred>
			<vCargaAverb>10.00</vCargaAverb>
			<infQ>
				<infQItem>
					<Id>942633998128</Id>
					<cUnid>01</cUnid>
					<tpMed>KILOGRAMAS</tpMed>
					<qCarga>20.0000</qCarga>
				</infQItem>
			</infQ>
		</infCarga>
		<infDoc>
			<infDocItem>
				<Id>668370187053</Id>
				<tipoDocumento>2</tipoDocumento>
				<vBC_nf>0.00</vBC_nf>
				<vICMS_nf>0.00</vICMS_nf>
				<vBCST_nf>0.00</vBCST_nf>
				<vST_nf>0.00</vST_nf>
				<vProd_nf>0.00</vProd_nf>
				<vNF_nf>0.00</vNF_nf>
				<CFOP_nf>0</CFOP_nf>
				<peso_nf>0.000</peso_nf>
				<chave_nfe>43230506354976000149552650000001301000081906</chave_nfe>
				<vDocFisc_outros>0.00</vDocFisc_outros>
				<locRet/>
			</infDocItem>
		</infDoc>
		<infModal>
			<versaoModal>3</versaoModal>
			<rodo>
				<RNTRC>12345678</RNTRC>
				<lota>0</lota>
				<CTRB>
					<nCTRB>0</nCTRB>
				</CTRB>
			</rodo>
			<aereo>
				<nMinu>0</nMinu>
				<nOCA>0</nOCA>
				<tarifa>
					<vTar>0.00</vTar>
				</tarifa>
				<NatCarga/>
			</aereo>
			<aquav>
				<vPrestAFRMM>0.00</vPrestAFRMM>
				<vAFRMM>0.00</vAFRMM>
			</aquav>
			<ferrov>
				<tpTraf>0</tpTraf>
				<vFrete>0.00</vFrete>
				<trafMut>
					<respFat_fer>0</respFat_fer>
					<ferrEmi_fer>0</ferrEmi_fer>
					<vFrete_fer>0.00</vFrete_fer>
				</trafMut>
				<ferroSub>
					<cMun_fer>0</cMun_fer>
					<CEP_fer>0</CEP_fer>
				</ferroSub>
			</ferrov>
			<duto>
				<vTar_duto>0.000000</vTar_duto>
			</duto>
			<multimodal>
				<indNegociavel>0</indNegociavel>
				<segMulti/>
			</multimodal>
		</infModal>
		<cobr>
			<fat>
				<vOrig>0.00</vOrig>
				<vDesc>0.00</vDesc>
				<vLiq>0.00</vLiq>
			</fat>
		</cobr>
		<infCteSub>
			<refAnulacao>0</refAnulacao>
			<tomaICMS>
				<refNF_CT>
					<nro_sub>0</nro_sub>
					<valor_sub>0.00</valor_sub>
				</refNF_CT>
			</tomaICMS>
			<tomaNaoICMS/>
		</infCteSub>
		<infGlobalizado/>
	</infCTeNorm>
	<infCteComp/>
	<infCteAnu/>
	<infRespTec>
		<CNPJ_respTec>06354976000149</CNPJ_respTec>
		<xContato>Adilson Weddigen</xContato>
		<email_respTec>adilsonweddigen@migrate.info</email_respTec>
		<fone_respTec>5535354800</fone_respTec>
	</infRespTec>
	<Informacoes/>
	<DocReferenciado>0</DocReferenciado>
	<infCTeSupl/>
</Envio>