<CadastroEmpresa>
	<ChaveParceiro>FoÇThpuIbpWZgmnxC0u8ps==</ChaveParceiro>
	<EmpNomFantasia>Nome Fantasia</EmpNomFantasia>
	<EmpApelido>Apelido</EmpApelido>
	<EmpRazSocial>Razão Social</EmpRazSocial>
	<EmpCNPJ>99999999999999</EmpCNPJ>
	<EmpIE>ISENTO</EmpIE>
	<EmpTelefone>5535351234</EmpTelefone>
	<EmpEndereco>Endereço</EmpEndereco>
	<EmpNumero>123</EmpNumero>
	<EmpBairro>Bairro</EmpBairro>
	<EmpCEP>98915000</EmpCEP>
	<EmpComplemento>Complemento</EmpComplemento>
	<EmpTpoEndereco>Rua</EmpTpoEndereco>
	<EmpIM/>
	<MunCodigo>4313359</MunCodigo>
	<EmpCNAE/>
	<EmpCRT>1</EmpCRT>
	<CaixaEnvioEmail>
		<EmlValCertificado>N</EmlValCertificado>
		<EmlTmpEspera>60</EmlTmpEspera>
		<EmlAutenticacao>S</EmlAutenticacao>
		<EmlSSL>S</EmlSSL>
		<EmlPorta>587</EmlPorta>
		<EmlHost>smtp.gmail.com</EmlHost>
		<EmlSenha>senha</EmlSenha>
		<EmlUsuario>email@gmail.com</EmlUsuario>
		<EmlNomeRemetente>Remetente</EmlNomeRemetente>
		<EmlEmailRemetente>email@gmail.com</EmlEmailRemetente>
	</CaixaEnvioEmail>
	<CaixasLeituraEmail>
		<CaixasLeituraEmailItem>
			<EmlValCertificado>S</EmlValCertificado>
			<EmlTmpEspera>10</EmlTmpEspera>
			<EmlAutenticacao>S</EmlAutenticacao>
			<EmlSSL>S</EmlSSL>
			<EmlPorta>995</EmlPorta>
			<EmlHost>pop.gmail.com</EmlHost>
			<EmlSenha>senha</EmlSenha>
			<EmlUsuario>email@gmail.com</EmlUsuario>
			<EmlNomeRemetente>Remetente</EmlNomeRemetente>
			<EmlEmailRemetente>email@gmail.com</EmlEmailRemetente>
		</CaixasLeituraEmailItem>
	</CaixasLeituraEmail>
	<Parametros>
		<JustInut>Justificativa de inutilizacao</JustInut>
		<JustCanc>Justificativa de cancelamento</JustCanc>
		<JustCont>Justificativa de contingencia</JustCont>
		<EmailAutorizado>E-mail autorizado</EmailAutorizado>
		<EmailCancelado>E-mail cancelado</EmailCancelado>
		<EmailCCe>E-mail da CC-e</EmailCCe>
		<EmailTitulo>Titulo do e-mail</EmailTitulo>
		<OrientDANFE>1</OrientDANFE>
		<InfCplVerso>N</InfCplVerso>
		<DhImpressao>S</DhImpressao>
		<ImpTributos>3</ImpTributos>
		<DescICMS>N</DescICMS>
		<EnviarPDFEmail>S</EnviarPDFEmail>
		<EnviarXMLEmail>S</EnviarXMLEmail>
		<ReaprovDocsRejeitados>S</ReaprovDocsRejeitados>
		<InutPulosNumeracao>N</InutPulosNumeracao>
		<IdTokenNFCe>0001</IdTokenNFCe>
		<CSCNFCe>XXXXXXXXXXXXXX</CSCNFCe>
		<NFe>
			<InutilizarAutomaticamenteDocumentosRejeitados>N</InutilizarAutomaticamenteDocumentosRejeitados>
			<InutilizarPulosNumeracao>N</InutilizarPulosNumeracao>
			<FormaRetornoPDFIntegracao>3</FormaRetornoPDFIntegracao>
			<FormaRetornoXMLIntegracao>1</FormaRetornoXMLIntegracao>
			<UltimoNSU>3</UltimoNSU>
			<OrdemContingencia>
				<OrdemContingenciaItem>
					<OrdemContingenciaNFe>1</OrdemContingenciaNFe>
				</OrdemContingenciaItem>
			</OrdemContingencia>
		</NFe>
		<CTe>
			<InutilizarAutomaticamenteDocumentosRejeitados>S</InutilizarAutomaticamenteDocumentosRejeitados>
			<InutilizarPulosNumeracao>N</InutilizarPulosNumeracao>
			<FormaRetornoPDFIntegracao>1</FormaRetornoPDFIntegracao>
			<FormaRetornoXMLIntegracao>4</FormaRetornoXMLIntegracao>
			<UltimoNSU>5</UltimoNSU>
			<OrdemContingencia>
				<OrdemContingenciaItem>
					<OrdemContingenciaCTe>2</OrdemContingenciaCTe>
				</OrdemContingenciaItem>
			</OrdemContingencia>
		</CTe>
		<MDFe>
			<InutilizarAutomaticamenteDocumentosRejeitados>N</InutilizarAutomaticamenteDocumentosRejeitados>
			<InutilizarPulosNumeracao>N</InutilizarPulosNumeracao>
			<FormaRetornoPDFIntegracao>1</FormaRetornoPDFIntegracao>
			<FormaRetornoXMLIntegracao>4</FormaRetornoXMLIntegracao>
			<UltimoNSU>0</UltimoNSU>
		</MDFe>
		<NFCe>
			<InutilizarAutomaticamenteDocumentosRejeitados>S</InutilizarAutomaticamenteDocumentosRejeitados>
			<InutilizarPulosNumeracao>S</InutilizarPulosNumeracao>
			<FormaRetornoPDFIntegracao>4</FormaRetornoPDFIntegracao>
			<FormaRetornoXMLIntegracao>4</FormaRetornoXMLIntegracao>
			<UltimoNSU>8</UltimoNSU>
			<IDTokenCscSEFAZ>333666</IDTokenCscSEFAZ>
			<CscSEFAZ>100200300</CscSEFAZ>
			<PossuiLeituraX>N</PossuiLeituraX>
			<PossuiGeracaoRelatorios>S</PossuiGeracaoRelatorios>
			<OrdemContingencia>
				<OrdemContingenciaItem>
					<OrdemContingenciaNFCe>0</OrdemContingenciaNFCe>
				</OrdemContingenciaItem>
			</OrdemContingencia>
		</NFCe>
	</Parametros>
	<Licenciamento>
		<LicenciamentoItem>
			<Modulo>NFe</Modulo>
			<Modelo>1</Modelo>
		</LicenciamentoItem>
		<LicenciamentoItem>
			<Modulo>CTe</Modulo>
			<Modelo>1</Modelo>
			<Autor>Autor</Autor>
		</LicenciamentoItem>
		<LicenciamentoItem>
			<Modulo>NFCe</Modulo>
			<Modelo>2</Modelo>
			<Autor>Autor</Autor>
		</LicenciamentoItem>
	</Licenciamento>
	<Impressao>
		<CTe>
			<OrientacaoCTe>1</OrientacaoCTe>
			<MolduraNaLogomarca>S</MolduraNaLogomarca>
			<LocalImpressaoCanhoto>C</LocalImpressaoCanhoto>
		</CTe>
		<NFe>
			<OrientacaoNFe>1</OrientacaoNFe>
			<TamanhoFonte>2</TamanhoFonte>
			<NumeroCopias>1</NumeroCopias>
			<ImprimirDataHoraImpressao>N</ImprimirDataHoraImpressao>
			<MarcarComoReimpresso>S</MarcarComoReimpresso>
			<ImprimirTributos>4</ImprimirTributos>
			<InformacaoComplementarNoVerso>S</InformacaoComplementarNoVerso>
			<ExibirDescontoEIcmsNoItem>S</ExibirDescontoEIcmsNoItem>
			<LocalImpressaoCanhoto>R</LocalImpressaoCanhoto>
			<MolduraNaLogomarca>S</MolduraNaLogomarca>
		</NFe>
		<MDFe>
			<OrientacaoMDFe>2</OrientacaoMDFe>
			<MolduraNaLogomarca>N</MolduraNaLogomarca>
		</MDFe>
	</Impressao>
	<Extensao>
		<ExtensaoItem>
			<TipoExtensao>3</TipoExtensao>
			<Ativar>S</Ativar>
			<Modulos>
				<ModuloItem>
					<Modulo>NFe</Modulo>
				</ModuloItem>
			</Modulos>
			<ParametrosExt>
				<NumeroConsultasDiarias>1</NumeroConsultasDiarias>
			</ParametrosExt>
		</ExtensaoItem>
	</Extensao>
</CadastroEmpresa>