<CadastroEmpresa>
	<EmpNomFantasia>Migrate Company</EmpNomFantasia>
	<EmpApelido>Migrate</EmpApelido>
	<EmpRazSocial>Migrate Company info</EmpRazSocial>
	<EmpCNPJ>06354976000149</EmpCNPJ>
	<EmpIE>1470049241</EmpIE>
	<EmpEndereco>Rua Padre Cacique</EmpEndereco>
	<EmpNumero>985</EmpNumero>
	<EmpBairro>Centro</EmpBairro>
	<EmpCEP>98910000</EmpCEP>
	<MunCodigo>4321808</MunCodigo>
	<EmpCRT>123</EmpCRT>
	<EmpTpoEndereco>Rua</EmpTpoEndereco>
	<Certificado>
		<ArquivoPFX>...</ArquivoPFX>
		<Senha>...</Senha>
		<TipoCertificado>1</TipoCertificado>
	</Certificado>
	<Parametros>
		<NFSe>
			<WebHook>
				<Status>A</Status>
				<URL>https://webhook.site/aa000a00-0000-00aa-a00a-0000a000aa00</URL>
				<TipoAutenticacao>2</TipoAutenticacao>
				<TokenAutenticacao>aa000a000000aaaa0aaa0000</TokenAutenticacao>
			</WebHook>
		</NFSe>
	</Parametros>
	
</CadastroEmpresa>