<?xml version = "1.0" encoding = "utf-8"?>
<SOAP-ENV:Envelope xmlns:SOAP-ENV="http://schemas.xmlsoap.org/soap/envelope/" xmlns:xsd="http://www.w3.org/2001/XMLSchema" xmlns:SOAP-ENC="http://schemas.xmlsoap.org/soap/encoding/" xmlns:xsi="http://www.w3.org/2001/XMLSchema-instance">
    <SOAP-ENV:Body>
        <recepcao.ExecuteResponse xmlns="InvoiCy">
            <Invoicyretorno xmlns="InvoiCy">
                <Mensagem>
                    <MensagemItem>
                        <Codigo>100</Codigo>
                        <Descricao>A Guia GNRe foi enviada para processamento com sucesso!</Descricao>
                        <Documentos>
                            <DocumentosItem>
                                <Documento>
                                    <![CDATA[<Protocolo><ProtNumero>4DBF9000000000650231128151027</ProtNumero>65456431</Protocolo>]]>
                                </Documento>
                            </DocumentosItem>
                        </Documentos>
                    </MensagemItem>
                </Mensagem>
            </Invoicyretorno>
        </recepcao.ExecuteResponse>
    </SOAP-ENV:Body>
</SOAP-ENV:Envelope>